Year,Name,Graduates_Male,Graduates_Female,Employed_Male,Employed_Female,Overseas_Employment_Male,Overseas_Employment_Female,Agriculture_Fishery_Male,Agriculture_Fishery_Female,Creative_Activities_Male,Creative_Activities_Female,Entrepreneurship_Male,Entrepreneurship_Female,Freelancer_Male,Freelancer_Female,Uncounted_Male,Uncounted_Female,Others_Male,Others_Female,Employment_Rate,Pre_Employment_Male,Pre_Employment_Female,Campus_Employment_Male,Campus_Employment_Female
2020,가야대학교(김해),251,379,159,264,0,0,0,0,0,0,4,0,1,3,15,11,72,101,71.4,5,17,3,3
2020,가천대학교,"2,084","2,238","1,131","1,149",4,5,0,0,4,22,27,16,81,92,210,174,627,780,64.3,51,41,24,47
2020,가톨릭관동대학교,"1,071",650,517,286,7,1,0,0,0,0,9,3,45,36,72,53,421,271,56.6,17,8,13,10
2020,가톨릭꽃동네대학교,41,64,25,47,0,0,0,0,0,0,0,1,1,1,6,1,9,14,76.5,0,2,2,0
2020,가톨릭대학교,627,969,309,432,2,2,0,0,0,0,7,8,20,37,82,103,207,387,57.9,10,10,4,8
2020,가톨릭대학교 _제2캠퍼스,12,76,7,68,0,0,0,0,0,0,0,0,1,0,3,1,1,7,90.5,1,1,0,0
2020,가톨릭대학교 _제3캠퍼스,4,6,0,0,0,0,0,0,0,0,0,0,0,0,4,6,0,0,0,0,0,0,0
2020,감리교신학대학교,134,77,0,0,0,0,0,0,0,0,0,0,0,0,134,77,0,0,0,0,0,0,0
2020,강남대학교,773,947,420,421,1,1,0,0,0,0,4,6,29,43,52,54,267,422,57.3,27,31,2,4
2020,강서대학교,95,183,40,92,0,0,0,0,1,0,0,3,7,11,5,7,42,70,57.9,2,27,0,4
2020,강원대학교,"1,763","1,404",904,622,3,2,1,0,0,0,14,6,34,53,215,165,592,556,58.8,8,7,9,16
2020,강원대학교 _제2캠퍼스,839,503,467,265,2,0,0,0,0,0,2,4,20,19,44,34,304,181,61.6,6,4,2,1
2020,건국대학교,"1,807","1,640",951,697,1,1,1,0,0,0,17,18,51,89,296,409,490,426,66.6,16,70,4,2
2020,건국대학교(글로컬) _분교,745,910,372,412,10,10,0,0,0,0,12,6,32,36,69,88,250,358,59.4,3,2,2,1
2020,건양대학교,431,495,280,276,0,1,0,0,0,1,0,0,8,12,32,28,111,177,66.7,43,11,1,5
2020,건양대학교 _제2캠퍼스,268,584,202,455,0,0,0,0,0,0,0,1,4,6,25,27,37,95,83.5,4,22,0,4
2020,경기대학교,"1,345","1,321",710,605,0,2,1,0,0,0,15,9,55,59,124,90,440,556,59.4,32,22,32,54
2020,경기대학교 _제2캠퍼스,215,301,109,106,2,1,0,0,2,0,2,4,7,23,20,49,73,118,57.3,2,12,5,4
2020,경남과학기술대학교,678,429,363,216,0,0,2,1,0,0,7,2,5,4,26,21,275,185,56.6,26,18,1,3
2020,경남대학교,"1,502","1,169",742,484,11,3,0,0,4,30,16,11,38,35,89,83,602,523,55,29,14,16,33
2020,경동대학교,488,201,265,105,0,0,0,0,0,0,9,4,17,7,86,20,111,65,69.8,109,38,4,3
2020,경동대학교 _제3캠퍼스,215,644,160,520,0,0,0,0,0,0,0,1,4,2,11,8,40,113,81.8,9,14,1,2
2020,경동대학교 _제4캠퍼스,122,179,94,129,0,0,0,0,0,0,1,1,3,1,3,4,21,44,77.9,28,7,0,0
2020,경북대학교,"2,830","2,214","1,312",852,3,3,13,1,0,0,23,9,48,60,381,329,"1,050",960,53.6,18,3,4,4
2020,경상국립대학교,"1,859","1,444",824,518,2,0,0,0,0,0,15,11,21,31,201,142,796,742,48,46,14,16,12
2020,경성대학교,"1,208","1,611",534,715,6,11,0,0,3,12,8,20,37,52,77,82,543,719,52.6,18,16,41,81
2020,경운대학교,469,538,269,351,0,0,0,0,0,0,11,3,14,10,17,6,158,168,66.9,27,14,4,1
2020,경인교육대학교 _제2캠퍼스,125,488,68,266,0,0,0,0,0,0,0,0,2,6,10,5,45,211,57.2,0,1,0,0
2020,경일대학교,874,421,468,225,0,0,0,2,0,0,9,4,16,13,36,27,345,150,59.8,77,21,14,15
2020,경희대학교,"2,844","3,161","1,488","1,358",2,4,0,0,0,0,23,30,98,137,535,732,698,900,66.3,24,163,3,7
2020,계명대학교,"2,078","2,688",953,"1,086",8,4,0,0,4,3,22,29,48,80,227,258,816,"1,228",52.3,34,60,13,27
2020,고려대학교,"2,565","2,007","1,301",876,2,1,0,0,0,0,11,11,86,54,666,633,499,432,71.6,4,7,0,2
2020,고려대학교(세종) _분교,908,550,426,234,0,0,0,0,0,0,11,6,30,34,114,88,327,188,59,4,2,2,2
2020,고신대학교,297,449,115,283,0,0,0,0,0,0,4,2,11,5,101,42,66,117,69.7,0,3,2,13
2020,공주교육대학교,112,251,44,138,0,0,0,0,0,0,0,0,1,4,25,3,42,106,55.8,0,0,0,0
2020,광신대학교,48,71,8,21,0,0,0,0,0,0,0,2,0,3,35,26,5,19,58.6,4,1,0,0
2020,광운대학교,"1,246",572,663,254,2,0,0,0,0,0,8,2,40,24,146,59,387,233,61.6,27,9,1,4
2020,광주가톨릭대학교,8,1,0,0,0,0,0,0,0,0,0,0,0,0,8,1,0,0,0,0,0,0,0
2020,광주과학기술원,103,46,6,2,0,0,0,0,0,0,0,0,1,0,85,34,11,10,30,0,0,0,0
2020,광주교육대학교,127,205,85,127,0,0,0,0,0,0,0,0,0,2,14,4,28,72,68.2,1,1,0,0
2020,광주대학교,656,893,363,461,0,0,3,0,8,19,8,11,20,27,46,71,208,304,64.2,29,47,9,17
2020,광주여자대학교,0,817,0,450,0,0,0,0,0,0,0,9,0,37,0,35,0,286,63.4,0,8,0,27
2020,국립강릉원주대학교,713,518,314,216,3,1,0,1,1,2,7,1,23,9,80,32,285,256,51.7,3,3,4,4
2020,국립강릉원주대학교 _제2캠퍼스,266,228,147,128,1,0,0,0,0,0,3,0,5,2,7,4,103,94,59.2,1,2,0,0
2020,국립공주대학교,"1,638","1,522",869,671,0,0,6,2,3,6,12,10,35,52,136,87,577,694,56.7,167,37,6,3
2020,국립군산대학교,931,617,470,287,5,5,0,0,7,14,14,3,16,16,92,48,327,244,59.4,11,9,19,33
2020,국립금오공과대학교,"1,325",363,744,147,10,0,0,0,0,0,14,1,14,11,69,36,474,168,59.4,52,9,0,1
2020,국립목포대학교,770,672,383,298,2,1,2,0,1,1,6,3,19,22,89,37,268,310,56.1,16,11,8,14
2020,국립목포해양대학교,529,69,409,36,0,0,0,0,0,0,0,0,1,1,67,0,52,32,84.2,0,0,0,2
2020,국립부경대학교,"2,181","1,760","1,012",621,5,2,0,1,0,0,12,10,37,36,215,188,900,902,49.1,36,9,13,15
2020,국립순천대학교,784,873,417,441,0,0,1,0,6,15,3,5,9,23,40,32,308,357,58,17,11,7,19
2020,국립안동대학교,772,595,331,241,1,6,1,0,0,0,5,5,22,15,83,43,329,285,50.5,3,3,9,7
2020,국립창원대학교,979,916,476,350,5,3,0,0,0,0,12,9,18,40,87,59,381,455,52.2,109,32,9,10
2020,국립한국교통대학교,"1,291",649,751,320,5,1,0,0,0,0,12,6,22,14,74,46,427,262,62.1,44,11,4,7
2020,국립한국해양대학교,"1,174",356,723,163,5,1,0,0,0,0,6,0,17,6,140,38,283,148,68.1,60,18,8,7
2020,국립한밭대학교,"1,261",665,683,307,0,0,1,0,0,0,12,5,24,23,94,40,447,290,58.9,172,75,11,2
2020,국민대학교,"1,931","1,589","1,003",734,3,2,0,0,3,16,16,12,71,67,323,277,512,481,66,58,68,30,21
2020,극동대학교,381,336,210,199,3,0,0,0,0,0,2,2,16,17,21,5,129,113,65,1,2,1,0
2020,금강대학교,50,63,24,29,3,0,0,0,0,0,0,0,1,1,4,10,18,23,58.6,0,1,2,1
2020,김천대학교,328,493,197,325,0,0,0,0,0,0,1,3,5,6,23,28,102,131,69.7,2,3,0,0
2020,나사렛대학교,445,768,216,389,0,0,0,0,0,0,2,1,21,53,67,40,139,285,61.7,3,2,4,15
2020,남부대학교,351,436,188,263,0,0,0,0,0,0,4,9,8,5,57,44,94,115,69.5,66,9,4,9
2020,남서울대학교,867,"1,264",507,676,4,4,0,0,3,12,9,8,50,48,34,54,260,462,64.7,18,30,12,33
2020,단국대학교,"1,343","1,311",705,565,2,2,0,0,4,3,13,8,51,78,128,146,440,509,60.1,23,21,4,8
2020,단국대학교 _제2캠퍼스,"1,165","1,478",606,696,3,0,0,0,0,0,15,13,50,87,111,147,380,535,61.6,22,15,8,4
2020,대구가톨릭대학교,"1,121","1,559",559,727,3,1,0,0,0,6,11,14,28,44,111,162,409,605,57.9,8,10,12,37
2020,대구경북과학기술원,93,61,3,12,0,0,0,0,0,0,0,0,3,0,84,44,3,5,69.2,0,0,0,1
2020,대구교육대학교,140,262,102,183,0,0,0,0,0,0,0,0,0,2,14,8,24,69,75.5,1,1,0,0
2020,대구대학교,"1,992","1,996",975,852,1,4,1,1,4,31,18,8,31,49,116,123,846,928,52.7,69,21,73,86
2020,대구예술대학교,81,139,31,44,0,0,0,0,0,0,2,2,6,10,10,9,32,74,47.3,6,2,1,1
2020,대구한의대학교,634,811,359,430,0,0,0,0,0,0,9,18,13,14,31,58,222,291,62.2,38,57,7,22
2020,대신대학교,45,50,10,10,0,0,0,0,0,0,0,0,1,3,14,24,20,13,42.1,7,5,0,0
2020,대전가톨릭대학교,14,0,0,0,0,0,0,0,0,0,0,0,0,0,14,0,0,0,0,0,0,0,0
2020,대전대학교,"1,060",906,638,491,3,1,0,0,0,0,11,7,27,21,49,47,332,339,64.1,26,6,44,58
2020,대전신학대학교,21,7,0,0,0,0,0,0,0,0,0,0,0,0,21,7,0,0,0,0,0,0,0
2020,대진대학교,806,781,416,366,9,3,1,0,5,9,12,11,35,39,58,62,270,291,61.8,19,19,7,18
2020,덕성여자대학교,0,"1,229",0,598,0,5,0,0,0,0,0,7,0,60,0,74,0,485,58,0,19,0,5
2020,동국대학교,"1,526","1,555",800,697,2,4,0,0,1,0,9,14,61,51,244,331,409,458,65.4,9,56,5,8
2020,동국대학교(WISE) _분교,826,840,371,375,2,1,0,0,1,1,11,8,26,29,127,119,288,307,58.1,7,7,2,6
2020,동덕여자대학교,0,"1,521",0,676,0,3,0,0,0,47,0,16,0,114,0,109,0,556,60.6,0,41,0,54
2020,동명대학교,"1,054",635,586,324,4,2,0,0,0,0,16,9,25,24,47,39,376,237,61.8,59,21,29,18
2020,동서대학교,868,"1,240",439,570,17,27,0,0,0,0,11,16,37,47,48,47,316,533,57.8,17,14,8,13
2020,동신대학교,733,805,398,463,1,0,1,0,0,0,12,4,24,25,58,56,239,257,65.2,47,21,6,18
2020,동아대학교,"2,203","2,171","1,042",884,20,16,0,0,5,3,21,22,53,59,159,181,903,"1,006",52.7,46,24,37,80
2020,동양대학교,536,291,277,165,0,0,0,0,0,0,4,6,14,14,42,15,199,91,62.3,11,12,3,2
2020,동의대학교,"1,766","1,698",894,826,8,7,0,0,0,0,20,12,44,53,95,74,705,726,56.6,43,27,42,69
2020,루터대학교,34,52,6,19,0,0,0,0,0,0,0,0,3,8,10,5,15,20,50.7,0,0,1,2
2020,명지대학교,944,596,508,264,3,1,0,0,0,0,11,2,50,42,120,64,252,223,65,19,7,11,22
2020,명지대학교 _제2캠퍼스,708,885,369,447,2,0,0,0,0,0,4,6,25,37,33,79,275,316,60.1,36,77,9,19
2020,목원대학교,872,882,382,353,1,0,0,0,5,20,13,11,47,43,106,84,318,371,55.9,8,6,11,23
2020,목포가톨릭대학교,18,104,10,84,0,0,0,0,0,0,0,0,1,0,0,2,7,18,79.2,0,8,0,1
2020,배재대학교,921,851,462,393,6,8,0,0,14,22,8,8,33,18,69,82,329,320,60,7,3,20,58
2020,백석대학교,"1,184","1,598",600,802,5,3,0,0,4,12,13,9,51,81,127,81,384,610,61.4,15,18,11,27
2020,부산가톨릭대학교,316,588,198,406,3,3,0,0,0,0,4,1,4,4,16,10,91,164,71,9,32,3,11
2020,부산교육대학교,131,243,88,168,0,0,0,0,0,0,0,0,0,2,9,1,34,72,70.9,0,1,0,0
2020,부산대학교,"2,372","2,293","1,149",868,4,5,0,0,0,0,14,12,41,74,353,355,811,979,54.8,15,12,1,4
2020,부산외국어대학교,823,"1,028",361,345,29,26,0,0,0,0,10,9,18,30,73,137,332,481,50.5,17,16,25,42
2020,부산장신대학교,22,34,3,14,0,0,0,0,0,0,0,0,0,1,14,11,5,8,58.1,0,0,0,0
2020,삼육대학교,488,788,262,412,6,11,0,0,0,0,6,14,18,43,66,44,130,264,66.2,11,27,7,30
2020,상명대학교,715,780,343,321,1,1,0,0,2,15,5,7,16,35,135,128,213,273,60.6,16,28,15,36
2020,상명대학교 _제2캠퍼스,528,860,292,390,0,0,0,0,0,0,16,4,34,66,41,47,145,353,61.7,7,20,8,19
2020,상지대학교,854,575,488,279,0,0,0,0,0,0,7,2,38,22,45,23,276,249,61.4,50,13,20,9
2020,서강대학교,906,661,505,309,5,3,0,0,1,1,3,1,21,22,208,179,163,146,73.8,7,5,0,1
2020,서경대학교,625,836,372,382,2,1,0,0,3,5,7,12,25,64,36,122,180,250,67,27,38,0,0
2020,서울과학기술대학교,"1,457",821,823,410,3,2,0,0,0,2,4,2,32,38,146,69,449,298,63.8,73,36,10,8
2020,서울교육대학교,75,304,25,122,0,0,0,0,0,0,0,0,1,5,9,9,40,168,42.4,1,0,0,0
2020,서울기독대학교,32,70,10,19,0,0,0,0,0,0,1,2,2,7,9,14,10,28,51.9,0,0,0,0
2020,서울대학교,"1,907","1,297",820,576,0,0,0,0,0,0,7,4,78,48,693,354,309,315,71.1,9,7,3,1
2020,서울시립대학교,"1,257",680,759,351,3,0,0,0,0,0,7,5,34,27,121,69,333,228,67.9,79,35,1,1
2020,서울신학대학교,159,370,29,148,0,1,0,0,0,0,1,5,7,20,83,76,39,120,57,2,5,2,5
2020,서울여자대학교,0,"1,384",0,643,0,4,0,0,0,14,0,10,0,75,0,153,0,485,60.6,0,12,0,30
2020,서울장신대학교,60,65,12,16,0,0,0,0,0,0,0,1,1,5,34,28,13,15,55.6,0,0,0,1
2020,서울한영대학교,40,101,10,49,0,0,0,0,0,0,0,1,0,2,17,14,13,35,56.4,0,11,1,0
2020,서원대학교,710,750,372,322,0,1,0,0,1,7,10,4,36,25,35,35,256,356,56,24,35,14,25
2020,선문대학교,"1,064",923,568,468,12,3,0,0,0,0,6,6,30,38,108,121,340,287,64.3,13,8,22,29
2020,성결대학교,487,645,240,291,1,0,0,0,3,5,6,9,21,30,70,56,146,254,60.2,7,11,12,17
2020,성공회대학교,197,255,98,132,0,0,0,0,0,0,5,6,7,11,13,6,74,100,59.8,2,2,0,3
2020,성균관대학교,"2,310","1,737","1,250",784,4,2,0,0,0,0,15,8,75,54,584,579,382,310,76,14,2,2,0
2020,성신여자대학교,0,"1,982",0,815,0,1,0,0,0,30,0,26,0,122,0,163,0,825,54.6,0,14,0,45
2020,세명대학교,901,779,494,414,0,0,0,0,1,0,9,7,34,26,58,44,305,288,62.4,6,12,20,24
2020,세종대학교,"1,435","1,179",714,487,2,1,0,0,0,1,12,13,58,60,222,202,427,415,61.6,13,28,16,29
2020,세한대학교,298,429,144,257,0,0,0,0,3,0,4,5,25,22,28,13,94,132,67.1,13,40,5,4
2020,송원대학교,231,348,117,206,0,0,1,0,0,0,7,9,9,11,26,18,71,104,67.3,37,25,2,7
2020,수원가톨릭대학교,37,0,0,0,0,0,0,0,0,0,0,0,0,0,37,0,0,0,0,0,0,0,0
2020,수원대학교,"1,074","1,050",549,470,0,1,0,0,0,1,15,8,53,64,56,65,401,441,58,10,14,25,38
2020,숙명여자대학교,0,"2,371",0,"1,176",0,7,0,0,0,6,0,21,0,114,0,271,0,776,63,0,41,0,19
2020,순복음총회신학교,13,26,3,11,0,0,0,0,0,0,0,1,0,0,8,9,2,5,68.2,2,6,0,1
2020,순천향대학교,"1,093","1,278",632,664,1,1,0,0,1,1,6,4,31,42,121,129,301,437,65.2,32,18,18,51
2020,숭실대학교,"1,656","1,343",902,640,1,1,0,0,0,0,19,9,50,55,205,212,479,426,64.9,58,99,1,3
2020,신경주대학교,154,116,80,65,0,0,0,0,0,0,6,2,9,6,14,12,45,31,68.9,15,8,0,0
2020,신라대학교,861,"1,172",418,529,9,2,0,0,3,13,14,9,16,31,70,111,331,477,56.4,31,35,21,36
2020,신한대학교,156,158,87,95,0,0,0,0,0,0,0,1,5,4,8,6,56,52,64,8,4,0,0
2020,신한대학교 _제2캠퍼스,629,695,384,418,0,2,0,0,0,0,9,8,27,27,20,19,189,221,68.1,76,29,9,10
2020,아신대학교,94,89,0,0,0,0,0,0,0,0,0,0,0,0,94,89,0,0,0,0,0,0,0
2020,아주대학교,"1,471",741,824,403,1,2,0,0,0,0,6,1,34,23,218,100,388,212,68.3,14,44,2,3
2020,안양대학교,438,579,223,253,0,0,0,0,0,1,3,5,21,29,57,73,134,218,60.3,17,18,1,11
2020,안양대학교 _제2캠퍼스,41,29,16,14,0,0,0,0,0,0,1,1,2,1,4,3,18,10,55.6,1,0,1,0
2020,연세대학교,"2,097","1,842","1,041",842,0,1,0,0,1,0,11,11,64,54,547,500,433,434,70,19,59,0,5
2020,연세대학교(미래) _분교,895,706,480,369,4,0,0,0,0,0,7,3,24,21,130,73,250,240,64.9,42,37,4,0
2020,영남대학교,"2,639","2,475","1,264",910,6,3,0,0,0,3,22,21,45,71,203,224,"1,099","1,243",50,43,22,50,68
2020,영남신학대학교,26,45,0,6,0,0,0,0,0,0,0,0,0,0,22,34,4,5,40,0,0,0,0
2020,영산대학교,294,299,189,190,0,0,0,0,0,0,10,5,5,4,9,5,81,95,69.6,41,9,1,0
2020,영산대학교 _제2캠퍼스,289,456,151,220,0,0,0,0,1,5,11,20,3,15,31,52,92,144,64.4,30,29,1,1
2020,영산선학대학교,7,6,0,0,0,0,0,0,0,0,0,0,0,0,7,6,0,0,0,0,0,0,0
2020,예수대학교,22,136,13,104,0,0,0,0,0,0,0,0,0,0,4,4,5,28,78,0,2,0,2
2020,예원예술대학교,42,74,14,28,0,0,0,0,0,0,1,2,10,10,9,0,8,34,60.7,4,1,0,1
2020,예원예술대학교 _제2캠퍼스,38,64,14,17,0,0,0,0,0,0,1,1,6,9,3,1,14,36,49,0,1,0,0
2020,용인대학교,737,700,392,313,0,0,0,0,0,0,17,9,75,65,58,23,195,290,64.2,34,29,15,12
2020,우석대학교,781,629,402,320,0,0,0,0,0,0,10,5,18,9,71,66,280,229,60,39,10,11,22
2020,우송대학교,"1,032","1,136",530,611,1,2,0,0,0,0,13,3,27,32,154,187,307,301,66.7,13,9,22,43
2020,울산과학기술원,389,217,138,68,0,0,0,0,0,0,1,0,6,4,175,111,69,34,67.8,1,0,1,0
2020,울산대학교,"1,460","1,332",715,541,2,0,1,0,1,7,13,11,18,37,115,85,595,651,51.9,33,24,13,63
2020,원광대학교,"1,754","1,436",941,710,0,2,0,0,0,0,20,10,53,35,122,82,618,597,59.3,14,18,44,55
2020,위덕대학교,264,366,148,196,0,0,0,0,0,0,2,3,2,5,35,39,77,123,64,15,19,2,5
2020,유원대학교,437,353,234,195,0,0,0,0,0,0,8,11,19,14,24,20,152,113,64.5,33,26,7,2
2020,을지대학교,50,117,46,90,0,0,0,0,0,0,0,0,0,1,0,2,4,24,83,0,4,0,0
2020,을지대학교 _제2캠퍼스,309,686,231,466,0,0,0,0,0,0,1,4,2,19,15,33,60,164,76.3,16,38,7,9
2020,이화여자대학교,0,"3,384",0,"1,452",0,5,0,0,0,9,0,25,0,138,0,769,0,986,62.3,0,18,0,17
2020,인제대학교,969,"1,198",516,652,1,1,0,0,0,2,10,9,18,15,67,62,357,457,60.1,43,54,11,13
2020,인제대학교 _제2캠퍼스,1,1,1,0,0,0,0,0,0,0,0,0,0,1,0,0,0,0,100,0,0,0,0
2020,인천가톨릭대학교,11,0,0,0,0,0,0,0,0,0,0,0,0,0,11,0,0,0,0,0,0,0,0
2020,인천가톨릭대학교 _제2캠퍼스,32,140,16,73,0,0,0,0,0,1,0,2,5,8,0,15,11,41,66.9,0,4,0,1
2020,인천대학교,"1,584","1,261",878,568,3,3,0,0,0,0,11,13,71,54,135,115,486,508,61.7,68,34,1,0
2020,인하대학교,"2,363","1,578","1,293",732,3,13,0,0,0,0,18,10,84,66,360,218,605,539,66,32,21,16,10
2020,장로회신학대학교,66,75,0,0,0,0,0,0,0,0,0,0,0,0,66,75,0,0,0,0,0,0,0
2020,전남대학교,"1,835","2,008",940,847,3,2,3,0,2,18,9,10,41,51,215,208,622,872,56.3,9,3,25,45
2020,전남대학교 _제2캠퍼스,381,181,167,77,1,0,0,0,0,0,4,0,7,3,27,15,175,86,49.8,2,2,4,3
2020,전북대학교,"2,221","1,809","1,078",729,6,0,5,2,0,4,14,5,34,51,281,200,803,818,54.3,36,18,35,33
2020,전주교육대학교,83,195,37,115,0,0,0,0,0,0,0,0,0,1,13,0,33,79,57.7,0,0,0,0
2020,전주대학교,"1,232","1,226",620,594,1,3,0,0,1,3,18,7,41,39,136,99,415,481,59.7,28,23,33,65
2020,제주국제대학교,174,122,94,65,0,0,0,0,0,0,5,3,10,6,23,5,42,43,68.3,42,12,0,0
2020,제주대학교,948,"1,195",444,511,1,0,4,11,0,0,10,6,19,46,108,127,362,494,55.1,13,29,12,23
2020,조선대학교,"2,239","2,117","1,037",881,6,11,1,0,9,34,17,20,52,74,207,158,910,939,53.7,45,31,68,71
2020,중부대학교,806,787,451,387,0,0,0,0,1,6,9,5,31,45,57,49,257,295,62.9,11,10,7,9
2020,중앙대학교,"1,904","1,903","1,056",987,4,3,0,0,0,0,6,13,60,76,360,353,418,471,71.3,33,180,17,11
2020,중앙대학교 _제2캠퍼스,652,611,302,196,0,1,0,0,4,5,15,12,39,49,101,116,191,232,59.6,9,3,14,12
2020,중앙승가대학교,24,15,0,0,0,0,0,0,0,0,0,0,0,0,24,15,0,0,0,0,0,0,0
2020,중원대학교,448,322,242,179,2,0,0,0,0,1,6,3,14,13,35,22,149,104,64.5,33,3,0,1
2020,진주교육대학교,109,225,56,152,0,0,0,0,0,0,0,0,0,0,12,2,41,71,65,1,0,0,0
2020,차의과학대학교,212,310,100,180,0,0,0,0,0,0,0,5,4,10,38,39,70,76,67.2,7,22,0,6
2020,창신대학교,140,305,85,187,0,0,0,0,0,6,3,12,1,5,9,17,42,78,71.4,24,18,3,5
2020,청운대학교,786,762,472,404,3,0,1,0,4,8,19,17,40,42,30,29,217,262,67.8,157,92,10,12
2020,청주교육대학교,91,207,51,121,0,0,0,0,0,0,0,1,1,2,19,0,20,83,63.1,3,0,0,0
2020,청주대학교,"1,294","1,088",713,543,1,0,0,0,4,3,19,11,47,47,96,73,414,411,62.7,21,13,57,58
2020,초당대학교,316,415,172,252,0,0,1,0,0,0,7,7,7,3,45,59,84,94,71.6,39,46,5,6
2020,총신대학교,124,286,11,154,0,0,0,0,0,0,0,1,1,8,90,48,22,75,64.3,0,74,1,1
2020,추계예술대학교,80,225,24,59,0,0,0,0,0,0,1,5,11,22,16,25,28,114,46.2,2,2,0,2
2020,춘천교육대학교,79,265,46,151,0,0,0,0,0,0,0,0,0,5,10,1,23,108,60.7,0,1,0,0
2020,충남대학교,"2,087","1,849","1,077",789,6,2,2,0,0,0,12,6,43,60,286,229,661,763,58.4,11,18,14,25
2020,충북대학교,"1,806","1,482",849,598,3,7,2,0,0,0,11,8,37,36,303,199,601,634,55.7,32,21,8,9
2020,칼빈대학교,47,45,7,30,0,0,0,0,0,0,0,0,0,0,38,8,2,7,80.4,2,18,0,0
2020,평택대학교,398,484,196,213,0,3,0,0,2,4,5,6,16,21,39,41,140,196,58.1,5,5,4,14
2020,포항공과대학교,234,73,39,24,0,0,0,0,0,0,1,0,4,0,174,43,16,6,75.6,0,0,0,0
2020,한경국립대학교,710,494,416,260,1,0,0,0,0,0,6,3,20,17,43,30,224,184,63.9,71,23,3,5
2020,한국공학대학교,"1,258",453,772,247,3,1,0,0,0,0,3,4,30,12,85,22,365,167,66.8,197,26,19,18
2020,한국과학기술원,558,165,116,38,0,0,0,0,0,0,1,1,13,1,370,102,58,23,67.7,1,0,1,0
2020,한국교원대학교,192,409,96,184,0,0,0,0,0,0,0,0,4,13,8,1,84,211,50.2,0,0,0,0
2020,한국국제대학교,330,332,179,203,0,0,0,0,0,0,5,10,11,3,19,13,116,103,65.2,27,26,1,0
2020,한국기술교육대학교,674,248,465,154,4,0,0,0,0,0,3,1,3,6,70,14,129,73,75.9,43,13,42,8
2020,한국성서대학교,63,167,31,115,0,0,0,0,0,0,0,1,2,5,14,8,16,38,74,1,4,1,2
2020,한국예술종합학교,181,330,48,85,0,0,0,0,0,4,7,8,22,60,29,49,75,124,54,1,3,0,3
2020,한국외국어대학교,"1,709","1,896",925,867,11,18,0,0,0,0,12,11,65,80,178,244,518,676,62.5,32,15,1,3
2020,한국전통문화대학교,50,68,20,29,0,0,0,0,0,0,0,2,2,3,13,10,15,24,58.9,0,1,3,7
2020,한국체육대학교,380,211,162,99,0,1,0,0,0,1,12,5,41,26,77,7,88,72,68.4,0,0,1,0
2020,한국침례신학대학교,154,199,25,56,0,0,0,0,0,0,2,1,1,6,103,63,23,73,48.7,1,0,1,2
2020,한국항공대학교,731,215,382,101,2,1,0,0,0,0,1,2,19,14,90,19,237,78,62.4,4,1,0,1
2020,한남대학교,"1,120","1,308",591,605,4,9,0,0,2,25,12,11,39,61,98,109,374,488,61.2,2,4,20,41
2020,한동대학교,379,465,193,210,0,2,0,0,0,0,4,2,14,17,79,81,89,153,64.6,0,0,2,5
2020,한라대학교,520,217,266,105,0,0,0,0,0,0,6,4,24,12,30,5,194,91,59.4,8,5,5,7
2020,한려대학교,59,66,36,43,0,0,0,0,0,0,2,1,2,1,9,1,10,20,73.9,14,9,0,0
2020,한림대학교,884,"1,015",450,461,0,0,0,0,0,0,5,6,36,47,89,108,304,393,59,8,3,21,20
2020,한북대학교,1,0,0,0,0,0,0,0,0,0,0,0,1,0,0,0,0,0,100,0,0,0,0
2020,한서대학교,772,682,432,333,0,0,0,0,0,1,5,4,35,31,74,75,226,238,64.4,6,7,13,7
2020,한성대학교,774,669,412,328,4,1,0,0,1,3,16,11,34,46,45,28,262,252,62.5,17,15,16,33
2020,한세대학교,218,344,115,161,0,0,0,0,0,13,1,1,8,19,44,42,50,108,66.8,23,6,5,22
2020,한신대학교,433,569,205,259,0,1,0,0,0,1,6,4,17,39,59,40,146,225,58.9,7,14,11,9
2020,한양대학교,"2,139","1,498","1,089",756,3,1,0,0,1,0,14,10,76,45,529,392,427,294,73.5,44,125,2,6
2020,한양대학교(ERICA) _분교,"1,245",895,596,407,1,3,0,0,1,3,15,6,43,51,231,117,358,308,62.8,16,24,12,6
2020,한일장신대학교,83,125,34,59,0,0,0,0,0,0,0,2,0,1,28,40,21,23,68.6,3,4,0,0
2020,협성대학교,378,599,172,289,0,0,0,0,0,0,7,5,14,26,63,36,122,243,58.4,9,26,4,9
2020,호남대학교,881,918,385,431,0,1,3,1,1,9,10,9,32,23,231,177,219,267,65.1,71,30,5,15
2020,호남신학대학교,48,65,1,8,0,0,0,0,0,0,1,1,5,2,34,37,7,17,42.9,0,1,0,0
2020,호서대학교,"1,393","1,183",762,602,1,2,0,0,2,10,13,7,52,48,144,101,419,413,64.3,38,12,8,19
2020,호원대학교,593,615,330,361,0,0,1,0,13,12,23,23,36,45,47,19,143,155,73.9,114,129,7,6
2020,홍익대학교,"1,390","1,299",806,623,2,4,0,0,0,0,16,17,49,53,117,149,400,453,64.8,23,76,7,10
2020,홍익대학교 _제2캠퍼스,787,564,414,291,0,0,0,0,1,0,10,5,35,40,53,17,274,211,62.1,10,2,10,3
2020,화성의과학대학교,67,70,31,43,0,0,0,0,0,0,2,0,2,3,6,2,26,22,62.8,3,3,0,0
2020,ICT폴리텍대학,125,5,68,4,0,0,0,0,0,0,1,0,1,0,17,0,38,1,65.5,6,0,0,0
2020,가톨릭상지대학교,244,361,141,252,1,0,15,14,0,0,2,5,3,2,38,25,44,63,80.3,24,77,1,2
2020,강동대학교,713,751,300,428,0,0,3,4,17,27,9,3,41,19,154,47,189,223,67.4,30,45,2,6
2020,강릉영동대학교,361,598,168,399,0,0,1,0,0,0,5,3,15,8,76,23,96,165,69.7,16,28,1,0
2020,강원관광대학교,209,268,101,139,0,0,0,0,0,0,5,14,3,10,22,12,78,93,61.4,56,43,0,0
2020,강원도립대학교,147,91,68,46,0,0,3,0,0,0,0,5,8,1,26,9,42,30,64.5,3,4,0,0
2020,거제대학교,232,176,134,136,0,0,0,0,0,0,1,1,4,0,30,12,63,27,75.4,21,22,1,2
2020,경기과학기술대학교,"1,227",313,726,130,6,1,0,0,6,5,10,3,37,15,146,62,296,97,70.5,170,18,9,6
2020,경남도립거창대학,253,131,117,92,0,0,3,0,0,0,2,2,4,0,54,12,73,25,69.2,17,11,0,0
2020,경남도립남해대학,259,104,137,52,0,0,6,3,0,0,0,1,2,1,30,12,84,35,62.9,12,3,3,1
2020,경남정보대학교,"1,463","1,301",837,759,1,0,0,0,0,4,20,23,28,27,143,167,434,321,69.2,114,140,21,23
2020,경민대학교,889,870,398,447,0,0,0,0,6,17,8,4,43,39,189,118,245,245,66.3,115,47,5,10
2020,경복대학교,654,"1,755",346,"1,089",0,1,0,0,28,46,5,8,26,50,120,231,129,330,77.7,72,127,11,19
2020,경북과학대학교,216,306,106,185,0,0,4,2,0,3,8,12,7,8,31,15,60,81,70.4,20,55,0,0
2020,경북도립대학교,183,124,76,74,0,0,7,1,0,0,1,5,1,1,41,15,57,28,66.1,12,12,0,1
2020,경북보건대학교,111,260,65,195,0,0,1,4,0,0,1,0,1,3,7,7,36,51,75.6,2,11,1,2
2020,경북전문대학교,609,516,304,373,1,0,6,0,0,0,4,2,10,3,150,34,134,104,74.7,41,81,2,3
2020,경인여자대학교,0,"1,878",0,953,0,3,0,0,0,16,0,5,0,79,0,263,0,559,65.4,0,170,0,7
2020,계명문화대학교,883,"1,323",323,662,3,2,0,0,14,25,6,6,21,26,249,201,267,401,62,33,104,6,21
2020,계원예술대학교,359,811,145,299,0,0,0,0,12,25,5,13,28,60,70,139,99,275,61.1,3,10,7,7
2020,광양보건대학교,114,270,58,203,0,0,0,0,0,0,1,0,2,1,27,10,26,56,76.4,1,34,0,0
2020,광주보건대학교,401,947,277,672,0,0,0,0,0,0,3,1,9,7,41,45,71,222,76.8,32,99,2,3
2020,구미대학교,"1,292",896,807,582,4,0,3,2,0,0,14,35,15,13,195,92,254,172,77.6,268,170,2,0
2020,국제대학교,"1,024",632,461,321,0,0,0,0,20,28,5,3,55,26,169,71,314,183,64.9,14,47,1,5
2020,군산간호대학교,38,230,30,188,0,0,0,0,0,0,0,0,0,0,1,1,7,41,82,2,29,0,0
2020,군장대학교,449,368,234,192,0,1,11,13,0,1,13,14,18,15,75,34,98,98,72.3,59,87,0,2
2020,기독간호대학교,22,152,19,124,0,0,0,0,0,0,0,0,0,3,0,0,3,25,83.9,0,25,0,0
2020,김포대학교,763,589,293,280,0,0,0,0,16,21,5,3,46,30,169,76,234,179,62.7,43,40,2,2
2020,김해대학교,187,256,83,167,0,0,0,0,0,0,0,2,4,2,38,25,62,60,67.9,9,25,0,0
2020,나주대학교,230,603,118,331,0,0,8,2,0,0,11,29,5,20,20,49,68,172,68.6,86,196,0,0
2020,농협대학교,96,44,77,37,0,0,13,2,0,0,0,0,1,0,1,1,4,4,94.2,19,6,0,0
2020,대경대학교,691,792,266,353,1,4,1,0,22,59,13,16,41,24,201,134,146,202,69.7,57,49,5,4
2020,대구공업대학교,459,263,207,104,0,0,1,0,3,5,10,2,6,8,80,39,152,105,57.4,16,26,5,7
2020,대구과학대학교,550,906,236,548,0,4,1,2,0,0,9,7,13,10,102,65,189,270,64.4,33,49,4,17
2020,대구보건대학교,929,"1,537",593,"1,079",6,11,0,0,0,1,7,6,12,24,87,82,224,334,75.7,74,131,5,9
2020,대덕대학교,"1,153",580,541,299,1,0,0,2,6,20,4,1,36,10,272,59,293,189,65.6,76,55,5,14
2020,대동대학교,113,361,61,245,0,0,0,0,1,0,1,3,2,10,22,12,26,91,73.4,7,19,1,1
2020,대림대학교,"1,452",994,898,551,1,5,1,0,1,7,14,4,44,36,172,127,321,264,72.8,217,85,13,18
2020,대원대학교,470,505,273,338,0,0,0,0,0,0,3,7,14,6,76,30,104,124,73.8,46,45,6,4
2020,대전과학기술대학교,601,959,292,603,1,0,2,0,5,19,5,7,20,17,135,84,141,229,72.4,22,76,4,14
2020,대전보건대학교,682,"1,394",420,929,2,2,0,0,0,1,7,4,12,28,99,87,142,343,74.3,56,150,3,17
2020,동강대학교,484,601,223,349,0,0,4,5,0,0,6,10,20,8,112,69,119,160,69.1,46,60,1,2
2020,동남보건대학교,437,"1,139",281,752,0,0,0,0,0,2,3,3,13,27,50,60,90,295,73.7,54,133,9,17
2020,동부산대학교,359,273,133,126,0,0,0,0,0,0,5,10,18,7,71,45,132,85,57.9,13,19,0,0
2020,동서울대학교,"1,405",993,697,481,0,0,0,0,15,27,12,4,72,63,235,148,374,270,68,41,41,20,25
2020,동아방송예술대학교,393,627,135,217,1,1,0,0,7,5,6,1,69,109,55,89,120,205,62.9,10,15,16,12
2020,동아보건대학교,154,353,80,215,0,0,1,1,0,0,6,13,4,7,31,27,32,90,72.8,27,63,0,0
2020,동양미래대학교,"1,656",803,929,426,0,0,0,0,5,25,14,3,54,30,195,75,459,244,67.9,164,66,11,8
2020,동원과학기술대학교,595,332,291,209,9,3,0,1,0,0,7,8,14,5,112,30,162,76,69.7,62,65,5,7
2020,동원대학교,814,684,381,347,2,1,0,0,0,4,6,13,28,43,185,69,212,207,66.3,63,71,7,8
2020,동의과학대학교,"1,428",810,728,438,1,0,0,0,0,0,8,7,33,16,196,103,462,246,63.5,100,61,13,13
2020,두원공과대학교,"1,380",659,801,364,1,0,1,1,0,0,7,2,58,36,149,45,363,211,68.9,176,53,7,12
2020,마산대학교,725,"1,191",423,822,0,0,0,0,0,0,3,1,13,15,76,38,210,315,70.9,28,87,4,16
2020,명지전문대학,"1,249","1,679",463,693,0,0,0,0,6,25,12,11,79,102,248,228,441,620,56.7,85,163,12,24
2020,목포과학대학교,316,432,173,276,0,0,4,0,0,0,7,4,4,7,56,37,72,108,72.5,45,55,0,0
2020,문경대학교,76,190,41,126,0,0,0,2,0,0,2,2,2,6,16,12,15,42,76.1,4,19,0,0
2020,배화여자대학교,0,"1,236",0,613,0,0,0,0,0,2,0,6,0,53,0,116,0,446,60.2,0,73,0,9
2020,백석문화대학교,838,"1,171",372,632,0,0,0,0,12,16,3,6,40,41,193,181,218,295,68.6,36,115,15,30
2020,백제예술대학교,270,279,76,64,0,0,0,0,0,0,2,3,29,23,67,22,96,167,42.8,4,3,2,0
2020,부산경상대학교,421,563,164,241,0,1,0,1,1,8,15,12,17,20,90,107,134,173,61,21,66,5,15
2020,부산과학기술대학교,"1,100",543,479,273,0,1,0,0,0,0,7,3,24,8,234,121,356,137,61.7,47,30,0,0
2020,부산보건대학교,347,708,170,444,0,0,0,0,1,1,3,1,12,16,67,55,94,191,69.5,17,60,3,10
2020,부산여자대학교,0,948,0,548,0,1,0,0,0,0,0,13,0,11,0,55,0,320,64.2,0,44,0,3
2020,부산예술대학교,134,166,24,36,0,0,0,0,0,0,3,7,12,14,51,25,44,84,42.9,0,3,0,0
2020,부천대학교,"1,474","1,825",787,938,0,0,1,1,3,17,17,17,59,75,200,196,407,581,66,313,173,13,35
2020,삼육보건대학교,100,413,56,302,0,0,0,0,0,0,0,3,4,13,17,20,23,75,79.4,7,81,1,6
2020,상지영서대학교,581,356,306,161,0,0,0,0,0,0,8,7,15,15,112,41,140,132,65.3,104,42,0,0
2020,서라벌대학교,94,154,60,105,0,0,0,1,0,0,2,3,0,1,9,13,23,31,76.1,9,10,1,0
2020,서영대학교,980,"1,071",540,665,0,0,1,0,21,30,10,12,37,23,127,115,244,226,74,182,167,5,12
2020,서울여자간호대학교,0,248,0,200,0,0,0,0,0,0,0,0,0,3,0,2,0,43,82.5,0,35,0,0
2020,서울예술대학교,407,662,145,192,0,0,0,0,6,7,12,17,72,132,61,76,111,238,62.6,5,16,8,5
2020,서일대학교,"1,191","1,064",547,483,0,0,0,0,21,50,6,7,63,60,211,116,343,348,64.2,72,81,19,18
2020,서정대학교,802,"1,097",414,632,0,0,1,0,0,0,11,29,25,52,127,97,224,287,69.5,169,241,4,8
2020,서해대학,122,152,48,63,0,0,0,0,0,0,5,5,1,4,31,35,37,45,60.6,6,20,0,0
2020,선린대학교,284,529,161,370,0,0,0,0,0,0,0,3,3,0,24,25,96,131,70.3,16,66,0,0
2020,성운대학교,134,566,61,305,0,0,1,0,0,0,6,34,0,16,33,48,33,163,68.3,43,204,0,0
2020,세경대학교,232,230,110,129,0,0,2,2,0,0,5,8,6,4,54,26,55,61,69.6,50,52,0,0
2020,송곡대학교,58,140,28,105,0,0,0,0,0,0,0,0,2,2,17,9,11,24,79.7,1,17,0,4
2020,송호대학교,142,220,79,153,0,0,1,0,0,0,7,5,2,3,31,15,22,44,79.1,22,36,1,3
2020,수성대학교,465,777,171,391,0,0,0,0,0,0,5,21,12,13,128,93,149,259,60,17,99,1,8
2020,수원과학대학교,"1,166","1,212",601,644,0,0,0,2,2,4,10,8,72,65,141,86,340,403,65.5,52,41,5,13
2020,수원여자대학교,0,"1,542",0,849,0,0,0,0,0,94,0,6,0,69,0,110,0,414,71.1,0,89,0,19
2020,순천제일대학교,694,393,343,255,0,0,12,4,0,0,5,5,10,3,76,23,248,103,64.5,47,62,1,2
2020,숭의여자대학교,0,"1,456",0,666,0,0,0,0,0,102,0,7,0,68,0,145,0,468,64.3,0,85,0,29
2020,신구대학교,857,"1,656",512,978,0,6,0,0,9,45,9,3,24,62,117,155,186,407,73.5,84,142,16,24
2020,신성대학교,799,720,494,498,0,0,0,0,1,1,2,6,13,17,85,44,204,154,74.2,71,78,2,1
2020,신안산대학교,"1,097",685,514,276,2,4,0,0,4,30,9,3,40,26,186,67,342,279,59.4,49,34,6,11
2020,아주자동차대학교,493,11,273,1,2,0,0,0,0,0,2,0,22,1,70,7,124,2,70.5,6,0,3,0
2020,안동과학대학교,412,513,257,369,0,0,0,2,0,0,3,2,11,5,66,39,75,96,79.1,29,35,4,5
2020,안산대학교,522,"1,019",282,602,1,2,0,0,0,0,2,7,17,32,84,74,136,302,68.3,43,78,7,13
2020,여주대학교,"1,327",753,713,450,0,0,0,0,12,5,10,6,53,36,232,80,307,176,72.7,167,68,2,11
2020,연성대학교,866,"1,475",483,820,0,7,0,0,4,39,5,2,37,59,99,145,238,403,69.4,47,97,23,42
2020,연암공과대학교,427,34,266,20,16,0,1,0,0,0,2,0,1,0,16,2,125,12,69.1,7,1,1,1
2020,연암대학교,277,197,128,131,0,0,63,5,0,0,3,0,6,5,34,10,43,46,79.3,23,5,6,6
2020,영남외국어대학,34,176,17,105,0,0,0,0,0,0,1,5,0,3,9,18,7,45,71.6,3,44,0,0
2020,영남이공대학교,"1,441",861,802,524,11,2,0,0,0,4,7,1,26,12,178,87,417,231,68.2,72,60,15,14
2020,영진전문대학교,"2,295",991,"1,414",583,91,9,1,3,7,12,16,6,23,10,230,168,513,200,75.3,309,140,11,21
2020,오산대학교,"1,108",830,568,430,0,1,0,0,20,38,9,3,49,38,183,103,279,217,70,77,69,9,22
2020,용인예술과학대학교,830,716,401,380,0,0,0,0,0,9,5,3,42,40,116,58,266,226,64.1,28,36,7,11
2020,우송정보대학,"1,010",883,502,478,2,12,0,0,4,9,5,8,23,18,228,90,246,268,67.4,41,34,11,33
2020,울산과학대학교,"1,021",687,628,447,0,0,0,1,0,0,4,3,14,3,74,55,301,178,69.7,74,61,2,15
2020,웅지세무대학교,243,176,76,81,0,0,0,0,0,0,3,0,13,11,13,1,138,83,45.4,4,4,0,0
2020,원광보건대학교,463,"1,130",267,718,7,6,1,4,1,1,3,3,12,18,85,108,87,272,74.4,29,83,3,18
2020,유한대학교,"1,306",821,670,430,3,1,0,0,17,52,5,4,44,29,141,84,426,221,66,65,29,2,7
2020,인덕대학교,"1,141","1,188",515,490,0,1,0,0,17,35,13,8,42,57,211,170,343,427,60.5,71,54,15,19
2020,인하공업전문대학,"2,077","1,013","1,217",537,2,0,0,0,1,0,9,6,75,46,163,111,610,313,67.2,228,45,2,0
2020,장안대학교,875,"1,373",388,634,0,0,0,0,21,51,7,7,44,61,138,135,277,485,61.4,32,81,9,32
2020,재능대학교,737,875,376,521,3,1,0,0,1,5,4,4,40,28,134,74,179,242,70,56,72,8,24
2020,전남과학대학교,866,665,496,382,0,0,24,19,0,2,22,31,23,16,156,84,145,131,78.6,262,116,6,4
2020,전남도립대학교,356,202,138,96,0,0,2,2,5,9,5,1,8,5,88,21,110,68,60.4,22,11,0,0
2020,전북과학대학교,265,361,123,220,0,0,16,15,1,0,7,15,6,6,46,23,66,82,73.4,51,50,1,4
2020,전주기전대학,162,473,47,229,0,0,0,0,0,7,5,4,5,3,59,65,46,165,58.7,5,22,1,1
2020,전주비전대학교,927,563,543,381,0,0,3,4,2,4,13,7,19,5,195,86,152,76,81.1,123,83,19,22
2020,제주관광대학교,311,395,149,243,0,0,3,2,0,0,7,2,6,9,76,34,70,105,70.6,28,37,5,12
2020,제주한라대학교,755,869,350,515,2,4,1,0,0,0,5,9,14,14,206,112,177,215,70,45,124,11,19
2020,조선간호대학교,26,157,20,120,0,0,0,0,0,0,0,0,0,0,1,2,5,35,77.8,2,8,0,0
2020,조선이공대학교,"1,200",283,596,117,0,0,1,1,13,23,15,5,24,8,165,55,386,74,63.6,70,31,6,7
2020,진주보건대학교,209,632,114,462,0,0,1,0,0,0,5,5,5,7,29,24,55,134,76,11,56,1,5
2020,창원문성대학교,907,462,456,267,0,0,0,0,2,10,8,2,12,3,129,30,300,150,62.8,57,46,4,12
2020,청강문화산업대학교,405,813,188,314,1,0,0,0,18,75,3,6,24,58,70,131,101,229,67.6,14,30,3,9
2020,청암대학교,254,615,122,387,0,0,0,0,0,0,2,12,10,12,40,28,80,176,68,11,44,0,4
2020,춘해보건대학교,214,665,144,533,0,0,0,0,0,0,3,1,3,10,33,37,31,84,85.8,16,56,1,4
2020,충남도립대학교,290,222,142,123,0,2,2,5,1,8,2,7,7,2,47,6,89,69,65.6,14,13,0,8
2020,충북도립대학교,317,105,153,44,0,0,0,0,0,0,2,0,8,2,64,15,90,44,60.9,13,14,5,2
2020,충북보건과학대학교,521,482,335,338,1,0,1,1,0,0,3,8,15,10,73,31,93,94,79.2,32,62,2,3
2020,충청대학교,852,832,474,495,0,0,1,0,2,6,9,17,21,22,123,53,222,239,69.4,82,79,7,6
2020,포항대학교,404,272,216,172,0,0,0,0,0,0,7,4,4,0,41,19,136,77,65.4,45,37,1,7
2020,한국골프대학교,104,36,47,13,0,0,0,0,0,0,4,2,12,8,21,4,20,9,74.8,17,5,0,0
2020,한국관광대학교,360,507,190,249,0,0,0,0,0,0,4,6,21,19,39,36,106,197,61.7,17,15,7,10
2020,한국농수산대학교,429,121,57,33,0,0,111,33,0,0,0,3,2,0,203,22,56,30,73.5,8,2,0,1
2020,한국복지대학교,130,127,60,63,0,0,0,0,0,0,5,0,4,6,42,28,19,30,73.8,7,6,0,1
2020,한국승강기대학교,305,5,238,4,0,0,0,0,0,0,0,0,3,0,13,0,51,1,82.5,5,0,1,0
2020,한국영상대학교,494,742,195,298,0,0,0,0,12,26,7,3,71,70,123,145,86,200,70.5,17,13,6,12
2020,한국폴리텍 I 대학 서울강서캠퍼스,96,110,51,57,0,0,0,0,14,27,2,0,3,4,17,6,9,16,86.3,1,3,0,0
2020,한국폴리텍 I 대학 서울정수캠퍼스,575,88,371,49,1,0,0,0,42,21,1,0,11,4,48,5,101,9,82,97,1,2,0
2020,한국폴리텍 I 대학 성남캠퍼스,384,17,236,9,0,0,0,0,17,3,0,0,11,0,50,0,70,5,78.6,22,3,0,0
2020,한국폴리텍 I 대학 제주캠퍼스,9,7,5,5,0,0,0,0,0,0,0,0,0,0,1,0,3,2,66.7,1,0,0,0
2020,한국폴리텍 II 대학 인천캠퍼스,897,97,621,62,0,0,0,0,9,11,6,0,20,4,67,3,174,17,79.3,156,12,2,2
2020,한국폴리텍 III 대학 강릉캠퍼스,45,0,34,0,0,0,0,0,0,0,0,0,1,0,2,0,8,0,81.4,0,0,0,0
2020,한국폴리텍 III 대학 원주캠퍼스,19,1,12,0,0,0,0,0,0,0,0,0,0,0,4,0,3,1,75,0,0,0,0
2020,한국폴리텍 III 대학 춘천캠퍼스,126,16,67,13,0,0,0,0,6,0,1,1,2,0,21,1,29,1,75,2,0,0,0
2020,한국폴리텍 IV 대학 대전캠퍼스,385,26,273,16,0,0,0,0,5,3,2,0,5,1,25,0,75,6,79,24,1,0,0
2020,한국폴리텍 IV 대학 아산캠퍼스,221,31,149,15,0,0,0,0,12,6,1,0,4,4,15,2,40,4,81.3,3,0,0,0
2020,한국폴리텍 IV 대학 청주캠퍼스,350,15,274,8,0,0,0,0,0,0,3,0,1,0,10,1,62,6,80.8,19,1,0,0
2020,한국폴리텍 IV 대학 홍성캠퍼스,107,0,70,0,1,0,0,0,0,0,1,0,1,0,9,0,25,0,74.5,0,0,0,0
2020,한국폴리텍 V 대학 광주캠퍼스,353,9,255,8,1,0,0,0,0,0,1,0,3,0,18,1,75,0,78.1,10,0,2,0
2020,한국폴리텍 V 대학 순천캠퍼스,8,0,4,0,0,0,0,0,0,0,0,0,0,0,3,0,1,0,80,3,0,0,0
2020,한국폴리텍 V 대학 익산캠퍼스,32,2,26,2,0,0,0,0,0,0,0,0,0,0,1,0,5,0,84.8,0,0,0,0
2020,한국폴리텍 V 대학 전남캠퍼스,104,0,75,0,0,0,0,0,0,0,0,0,1,0,8,0,20,0,79.2,5,0,0,0
2020,한국폴리텍 V 대학 전북캠퍼스,247,4,175,2,0,0,0,0,0,0,1,0,3,0,14,0,54,2,76.4,2,0,0,0
2020,한국폴리텍 VI 대학 구미캠퍼스,206,6,158,2,1,0,0,0,0,0,0,0,1,2,7,0,39,2,80,5,0,0,0
2020,한국폴리텍 VI 대학 대구캠퍼스,400,12,231,6,0,0,0,0,0,0,2,0,8,0,33,1,126,5,65.3,44,3,0,0
2020,한국폴리텍 VI 대학 영남융합기술캠퍼스,63,50,29,24,0,0,0,0,9,13,2,0,4,0,10,7,9,6,84.4,0,2,0,0
2020,한국폴리텍 VI 대학 영주캠퍼스,17,2,14,2,0,0,0,0,0,0,0,0,0,0,0,0,3,0,84.2,1,0,0,0
2020,한국폴리텍 VII 대학 부산캠퍼스,350,9,240,6,0,0,0,0,9,0,3,0,6,0,15,1,77,2,77,24,0,0,0
2020,한국폴리텍 VII 대학 울산캠퍼스,360,14,239,9,0,0,0,0,39,5,2,0,1,0,19,0,60,0,83.1,28,2,0,0
2020,한국폴리텍 VII 대학 창원캠퍼스,623,34,468,27,1,0,0,0,8,2,5,0,6,1,24,0,111,4,81.8,112,7,1,1
2020,한국폴리텍 특성화대학 바이오캠퍼스,132,59,121,51,0,0,0,0,0,0,0,0,2,0,0,1,9,7,91.6,10,6,0,0
2020,한국폴리텍 특성화대학 반도체융합캠퍼스,225,52,149,30,0,0,0,0,1,1,0,0,6,0,16,1,53,20,71.9,9,3,0,0
2020,한국폴리텍 특성화대학 항공캠퍼스,216,10,126,7,0,0,0,0,0,0,1,0,4,0,30,1,55,2,70.8,14,0,0,0
2020,한림성심대학교,531,675,276,413,0,1,2,2,0,0,2,7,16,10,138,96,97,146,75,66,40,7,12
2020,한양여자대학교,0,"2,550",0,"1,062",0,9,0,0,0,118,0,14,0,152,0,331,0,864,61.1,0,116,0,57
2020,한영대학교,287,280,184,176,0,0,1,5,0,0,5,9,3,8,10,21,84,61,72.9,42,66,0,1
2020,혜전대학교,451,596,232,418,0,1,0,0,0,0,4,1,18,6,63,25,134,145,70.9,15,55,7,13
2020,호산대학교,230,479,99,287,0,0,3,13,0,0,6,18,7,11,57,41,58,109,72.7,25,100,0,1
2021,가야대학교(김해),193,353,123,248,0,0,0,0,0,0,3,3,3,5,18,12,46,85,74.6,11,23,1,9
2021,가천대학교,"1,925","2,253","1,103","1,227",0,0,0,0,6,28,19,24,73,91,179,186,545,697,67.4,46,45,19,35
2021,가톨릭관동대학교,982,691,494,333,4,6,0,0,0,0,8,5,50,33,70,69,356,245,60.8,15,17,7,5
2021,가톨릭꽃동네대학교,37,80,27,53,0,0,0,0,0,0,0,0,3,1,2,1,5,25,73.7,1,2,1,1
2021,가톨릭대학교,563,915,293,415,0,0,0,0,0,0,4,8,22,47,66,101,178,344,60.2,6,9,3,3
2021,가톨릭대학교 _제2캠퍼스,56,118,51,102,0,1,0,0,0,0,0,0,1,0,2,0,2,15,90.1,0,1,0,0
2021,가톨릭대학교 _제3캠퍼스,34,10,0,0,0,0,0,0,0,0,0,0,0,0,34,10,0,0,0,0,0,0,0
2021,감리교신학대학교,109,76,0,0,0,0,0,0,0,0,0,0,0,0,109,76,0,0,0,0,0,0,0
2021,강남대학교,669,898,345,445,1,0,0,0,0,0,14,6,31,52,49,48,229,347,60.8,17,26,3,5
2021,강서대학교,115,173,53,86,0,0,0,0,1,3,2,2,7,7,18,19,34,56,64.1,8,23,2,1
2021,강원대학교,"1,997","1,429","1,091",652,0,0,4,1,0,0,17,12,45,66,236,183,604,515,62.8,15,12,12,16
2021,강원대학교 _제2캠퍼스,"1,009",495,575,306,1,0,0,0,0,0,10,0,43,13,42,24,338,152,65.9,11,5,1,2
2021,건국대학교,"1,844","1,741",995,798,1,2,0,0,0,0,23,13,74,69,310,416,441,443,69.1,39,58,6,2
2021,건국대학교(글로컬) _분교,664,874,362,451,6,12,0,0,0,0,4,10,29,48,70,69,193,284,65.9,3,3,5,4
2021,건양대학교,472,475,306,267,0,0,0,0,0,0,7,5,13,11,29,24,117,168,68.1,30,7,3,3
2021,건양대학교 _제2캠퍼스,290,578,209,441,0,0,0,0,0,0,1,1,3,6,20,22,57,108,80,3,16,1,1
2021,경기대학교,"1,259","1,321",679,635,1,0,0,0,0,0,12,9,53,84,107,86,407,507,61.7,27,19,34,37
2021,경기대학교 _제2캠퍼스,162,290,75,154,0,0,0,0,0,0,7,5,12,25,22,30,46,76,69.5,1,9,1,6
2021,경남과학기술대학교,603,371,316,173,1,0,4,0,0,0,8,4,13,8,31,24,230,162,57.3,31,9,0,0
2021,경남대학교,"1,215",892,674,435,0,0,0,0,8,21,11,4,41,30,83,61,398,341,62.4,18,3,20,33
2021,경동대학교,395,127,176,68,0,1,0,0,0,0,3,1,8,4,131,21,77,32,70.5,42,14,2,2
2021,경동대학교 _제3캠퍼스,263,694,190,576,0,0,0,0,0,0,0,1,6,7,14,2,53,108,82.9,11,16,6,4
2021,경동대학교 _제4캠퍼스,130,170,93,112,0,0,0,0,1,0,1,1,8,2,5,4,22,51,74.9,34,4,0,0
2021,경북대학교,"3,014","2,216","1,507",944,0,4,10,3,0,1,13,14,51,57,436,293,997,900,57.9,21,8,2,4
2021,경상국립대학교,"1,826","1,514",801,548,1,2,5,1,0,0,17,9,33,37,215,169,754,748,49.2,47,12,3,10
2021,경성대학교,"1,275","1,493",589,665,15,25,0,0,2,12,14,17,52,65,86,107,517,602,56.5,11,18,48,76
2021,경운대학교,490,422,276,302,0,0,0,0,0,0,8,2,17,5,38,12,151,101,70.8,13,6,3,11
2021,경인교육대학교 _제2캠퍼스,154,531,75,311,0,0,0,0,0,0,0,0,2,5,13,2,64,213,58.7,0,1,0,0
2021,경일대학교,828,435,463,257,1,4,1,1,1,0,7,5,19,15,46,23,290,130,64.8,48,21,11,17
2021,경희대학교,"2,837","3,256","1,536","1,549",1,2,0,0,0,0,27,35,130,149,467,652,676,869,68.9,26,163,5,6
2021,계명대학교,"2,089","2,666",995,"1,145",3,3,0,0,1,5,17,29,73,118,209,238,791,"1,128",55.5,46,58,8,25
2021,고려대학교,"2,572","2,256","1,208",923,0,1,0,0,0,0,9,10,74,75,785,764,496,483,70.1,10,10,2,1
2021,고려대학교(세종) _분교,811,504,414,241,2,1,0,0,0,0,15,5,34,29,125,78,221,150,66.6,5,2,3,2
2021,고신대학교,352,478,150,289,0,0,0,0,0,0,1,1,10,10,123,65,68,113,71.8,2,1,2,5
2021,공주교육대학교,123,218,61,125,0,0,0,0,0,0,0,0,0,1,15,1,47,91,57.5,0,0,0,0
2021,광신대학교,57,81,10,17,0,0,0,0,0,0,1,1,1,1,40,43,5,19,56.4,1,6,0,0
2021,광운대학교,"1,133",604,606,299,0,1,0,0,1,0,6,3,38,32,144,75,338,194,65,22,25,2,1
2021,광주가톨릭대학교,18,1,0,0,0,0,0,0,0,0,0,0,0,0,18,1,0,0,0,0,0,0,0
2021,광주과학기술원,92,56,13,13,0,0,0,0,0,0,0,0,1,0,68,36,10,7,61.4,0,0,0,0
2021,광주교육대학교,133,202,82,133,0,0,0,0,0,0,1,1,2,3,13,0,35,65,68.9,0,2,0,0
2021,광주대학교,602,945,343,521,2,0,0,0,3,12,12,9,20,29,45,66,177,308,66.2,44,39,7,13
2021,광주여자대학교,0,796,0,459,0,0,0,0,0,0,0,8,0,39,0,34,0,256,66.4,0,7,0,21
2021,국립강릉원주대학교,735,532,354,214,1,0,0,0,0,4,10,4,29,33,58,48,283,229,55.9,3,1,1,7
2021,국립강릉원주대학교 _제2캠퍼스,308,212,156,124,0,0,0,0,0,0,7,0,6,4,9,6,130,78,58.8,0,0,3,1
2021,국립공주대학교,"1,618","1,456",898,626,0,1,2,0,0,5,10,7,45,59,164,108,499,650,59,162,29,10,6
2021,국립군산대학교,921,622,443,284,1,0,1,0,2,10,10,4,15,17,84,41,365,266,55.5,6,6,8,11
2021,국립금오공과대학교,"1,085",346,614,143,1,2,0,0,0,0,7,0,18,10,90,48,355,143,61.5,96,18,2,3
2021,국립목포대학교,790,761,406,368,2,2,1,0,0,0,9,7,20,21,58,49,294,314,57.9,12,7,6,11
2021,국립목포해양대학교,423,79,338,45,0,0,0,0,0,0,3,0,1,0,46,3,35,31,85.4,1,0,1,1
2021,국립부경대학교,"2,258","1,985","1,049",704,5,2,1,0,0,0,17,14,36,57,249,269,901,939,50.6,58,24,12,10
2021,국립순천대학교,769,821,397,396,0,0,5,1,0,8,5,8,22,22,52,49,288,337,58,12,8,9,15
2021,국립안동대학교,810,569,392,235,0,3,6,1,1,4,4,4,23,19,67,46,317,257,54.7,1,5,4,6
2021,국립창원대학교,905,874,499,362,0,0,0,0,0,0,13,12,25,28,69,63,299,409,57,98,46,7,9
2021,국립한국교통대학교,"1,348",656,741,347,0,0,0,0,0,0,12,5,35,28,106,37,454,239,62.8,64,18,5,7
2021,국립한국해양대학교,"1,026",376,678,199,1,1,0,0,0,0,8,1,13,12,117,36,209,127,73.1,80,28,7,14
2021,국립한밭대학교,"1,343",719,772,338,0,0,0,1,0,0,11,7,28,21,88,40,444,312,60.9,211,73,2,3
2021,국민대학교,"1,919","1,703",985,799,2,4,0,0,7,12,25,21,74,93,363,326,463,448,68.9,67,89,12,15
2021,극동대학교,421,365,226,235,0,0,0,0,0,0,6,3,29,21,27,6,133,100,69.1,5,9,0,0
2021,금강대학교,55,49,32,21,1,0,0,0,0,0,1,0,0,3,9,8,12,17,66.7,1,0,1,1
2021,김천대학교,332,374,210,243,1,0,0,0,0,0,2,3,6,13,24,13,89,102,71.4,8,4,1,5
2021,나사렛대학교,455,714,233,386,1,1,0,0,0,0,6,7,22,44,53,36,140,240,64.8,4,9,4,6
2021,남부대학교,293,402,161,230,0,0,0,0,0,0,6,8,13,10,49,47,64,107,71.5,37,17,4,2
2021,남서울대학교,999,"1,273",590,695,0,1,0,0,2,7,8,11,49,65,59,89,291,405,67.2,13,27,14,22
2021,단국대학교,"1,454","1,396",742,601,4,4,0,0,10,6,22,12,60,88,177,208,439,477,62.8,37,33,3,5
2021,단국대학교 _제2캠퍼스,"1,267","1,541",711,751,2,9,0,0,3,1,20,18,64,91,139,152,328,519,66.3,25,24,4,5
2021,대구가톨릭대학교,"1,145","1,472",607,719,0,1,0,0,1,2,13,15,29,56,135,118,360,561,61,5,12,7,29
2021,대구경북과학기술원,78,46,6,2,0,0,0,0,0,0,0,1,1,1,64,32,7,10,39.3,0,0,0,0
2021,대구교육대학교,152,265,93,169,0,0,0,0,0,0,0,1,1,1,18,1,40,93,66.6,0,2,0,0
2021,대구대학교,"2,031","1,985","1,042",923,2,0,10,2,5,21,21,12,61,62,140,162,750,803,58.2,75,30,78,78
2021,대구예술대학교,87,120,28,47,0,0,0,0,0,0,2,5,8,9,6,8,43,51,51.3,5,1,1,1
2021,대구한의대학교,621,840,357,472,0,0,0,0,0,0,10,25,16,28,39,47,199,268,66,28,45,7,27
2021,대신대학교,50,51,9,9,0,0,0,0,0,0,3,1,1,0,27,27,10,14,48.9,4,4,0,0
2021,대전가톨릭대학교,12,0,0,0,0,0,0,0,0,0,0,0,0,0,12,0,0,0,0,0,0,0,0
2021,대전대학교,"1,043",833,600,446,1,1,0,0,0,0,10,10,37,27,55,37,340,312,63.5,21,11,42,40
2021,대전신학대학교,13,13,0,0,0,0,0,0,0,0,0,0,0,0,13,13,0,0,0,0,0,0,0
2021,대진대학교,860,831,459,443,0,0,1,0,7,11,9,7,48,51,42,43,294,276,64.5,18,20,5,9
2021,덕성여자대학교,0,"1,427",0,706,0,1,0,0,0,1,0,15,0,76,0,90,0,538,59.8,0,15,0,2
2021,동국대학교,"1,773","1,720",957,803,1,1,0,0,0,0,8,15,78,83,289,374,440,444,68.8,28,64,5,6
2021,동국대학교(WISE) _분교,944,740,454,356,3,2,0,0,0,1,13,8,27,32,144,92,303,249,61.9,32,11,1,4
2021,동덕여자대학교,0,"1,577",0,786,0,2,0,0,0,69,0,25,0,137,0,77,0,481,67.9,0,63,0,50
2021,동명대학교,"1,044",642,614,367,2,1,0,0,0,0,8,6,23,23,63,45,334,200,66.2,48,24,13,20
2021,동서대학교,"1,000","1,271",528,678,19,39,0,0,0,5,7,9,45,44,75,54,326,442,64.1,27,35,3,29
2021,동신대학교,659,753,393,454,0,1,0,0,0,0,5,4,16,26,51,47,194,221,68.4,29,29,3,19
2021,동아대학교,"2,097","2,171","1,050",939,24,29,0,0,0,1,19,17,53,70,162,178,789,937,56.1,52,22,22,66
2021,동양대학교,461,311,243,166,0,0,0,0,0,0,1,2,19,14,24,17,174,112,60.9,2,1,2,0
2021,동의대학교,"1,682","1,643",896,853,5,6,1,0,1,0,22,12,46,37,123,90,588,645,60.4,42,22,37,51
2021,루터대학교,37,50,12,24,0,0,0,0,0,0,1,1,1,3,9,4,14,18,56.8,0,2,0,1
2021,명지대학교,990,533,548,271,0,0,0,0,0,0,10,10,49,30,108,52,275,170,67.4,2,6,7,22
2021,명지대학교 _제2캠퍼스,789,"1,029",429,538,1,4,0,0,0,0,15,14,30,50,45,90,269,333,64.2,54,88,7,17
2021,목원대학교,767,834,375,328,0,0,0,0,8,6,12,14,51,56,86,63,235,367,58.5,6,3,9,28
2021,목포가톨릭대학교,17,102,12,80,0,0,0,0,0,0,0,0,0,0,0,0,5,22,77.3,0,4,0,0
2021,배재대학교,903,847,482,431,3,2,1,1,6,25,9,7,35,27,57,62,310,292,63.1,5,6,20,37
2021,백석대학교,"1,258","1,640",624,830,2,11,0,0,6,10,5,14,88,109,134,87,399,579,63.5,6,21,19,23
2021,부산가톨릭대학교,306,626,172,402,4,5,0,0,0,0,3,1,3,9,20,17,104,192,66.9,6,25,2,7
2021,부산교육대학교,135,252,79,169,0,0,0,0,0,0,1,0,1,5,10,2,44,76,68,0,1,0,0
2021,부산대학교,"2,444","2,244","1,201",874,0,2,0,0,1,0,8,12,47,69,386,318,801,969,55.6,58,17,2,2
2021,부산외국어대학교,746,884,362,351,25,23,0,0,0,0,11,14,19,38,81,119,248,339,59,9,9,25,37
2021,부산장신대학교,24,32,7,10,0,0,0,0,0,0,0,0,0,2,8,6,9,14,45.2,0,0,0,0
2021,삼육대학교,569,799,290,462,3,9,1,0,0,0,6,4,30,38,66,43,173,243,67,13,18,4,17
2021,상명대학교,656,752,318,319,0,0,0,0,4,10,6,5,32,44,121,114,175,260,62.9,8,11,15,34
2021,상명대학교 _제2캠퍼스,506,818,275,431,0,1,0,0,0,0,10,10,44,75,45,47,132,254,68.7,9,18,5,23
2021,상지대학교,819,493,494,256,0,0,0,0,0,0,14,3,26,26,48,19,237,189,65.8,46,14,10,11
2021,서강대학교,998,820,498,344,5,3,0,0,2,1,5,3,34,21,258,286,196,162,71.9,6,9,1,1
2021,서경대학교,557,731,339,330,0,0,0,0,0,6,6,17,44,65,34,120,134,193,71.2,23,24,1,1
2021,서울과학기술대학교,"1,479",882,844,440,2,2,0,0,1,4,10,12,42,44,170,107,410,273,67.2,99,37,2,4
2021,서울교육대학교,85,292,44,157,0,0,0,0,0,0,0,0,0,6,13,8,28,121,58.1,0,1,0,0
2021,서울기독대학교,30,64,15,18,0,0,0,0,0,0,0,3,0,10,7,12,8,21,61.3,1,5,0,1
2021,서울대학교,"1,958","1,366",831,615,0,0,0,0,0,0,14,10,82,69,689,354,342,318,71.1,10,6,1,0
2021,서울시립대학교,"1,148",714,704,353,0,1,0,0,0,0,8,4,30,35,125,96,281,225,69.2,79,25,0,0
2021,서울신학대학교,130,322,30,145,0,1,0,0,0,0,4,3,12,25,63,54,21,94,65.7,2,7,1,4
2021,서울여자대학교,0,"1,563",0,809,0,1,0,0,0,7,0,10,0,81,0,174,0,481,65.4,0,17,0,40
2021,서울장신대학교,60,73,11,17,0,0,0,0,0,0,1,2,2,1,36,35,10,18,54.8,0,2,0,0
2021,서울한영대학교,45,93,19,45,0,0,0,0,0,0,1,2,2,7,16,14,7,25,70.4,3,8,0,0
2021,서원대학교,775,744,392,351,0,0,0,0,3,6,11,4,38,23,46,32,285,328,57.5,25,47,12,17
2021,선문대학교,"1,082",878,629,474,1,1,0,0,0,0,8,5,35,40,118,141,291,217,70.1,12,3,11,26
2021,성결대학교,462,638,234,314,0,0,0,0,6,4,3,6,35,44,57,54,127,216,65.3,8,17,6,20
2021,성공회대학교,192,249,103,128,0,0,0,0,0,0,1,0,5,16,8,1,75,104,58.6,0,5,2,2
2021,성균관대학교,"2,396","1,865","1,331",860,1,1,0,0,0,0,11,14,78,61,648,609,327,320,78.5,17,7,4,3
2021,성신여자대학교,0,"2,022",0,921,0,3,0,0,0,36,0,20,0,151,0,168,0,723,61,0,25,0,35
2021,세명대학교,883,741,492,428,0,0,0,0,0,0,8,7,35,23,51,35,297,248,64.6,5,15,11,17
2021,세종대학교,"1,557","1,222",793,583,2,2,0,0,0,2,16,13,69,75,275,209,402,338,67.8,38,43,18,15
2021,세한대학교,356,432,169,246,0,0,0,0,0,0,10,5,15,21,37,18,125,142,63.6,13,25,2,4
2021,송원대학교,260,340,152,180,0,0,1,0,0,0,2,5,8,17,21,30,76,108,66.5,37,22,0,3
2021,수원가톨릭대학교,27,0,0,0,0,0,0,0,0,0,0,0,0,0,27,0,0,0,0,0,0,0,0
2021,수원대학교,"1,012",966,544,477,0,0,0,0,0,0,11,6,49,81,80,59,328,343,63.5,15,20,19,34
2021,숙명여자대학교,0,"2,225",0,"1,152",0,2,0,0,0,10,0,33,0,115,0,263,0,650,66.9,0,37,0,15
2021,순복음총회신학교,13,23,2,7,0,0,0,0,0,0,0,0,0,2,8,7,3,7,52.4,0,3,0,0
2021,순천향대학교,"1,235","1,297",699,697,2,1,0,0,3,1,9,8,37,47,157,155,328,388,67.7,34,23,23,55
2021,숭실대학교,"1,656","1,372",948,700,2,2,0,0,0,0,8,6,61,50,215,228,422,386,68.7,69,117,2,3
2021,신경주대학교,127,113,54,56,0,0,0,0,0,0,3,2,7,2,30,24,33,29,66.7,8,12,0,0
2021,신라대학교,841,"1,113",413,504,6,5,0,0,3,5,8,10,30,29,104,128,277,432,58.8,25,31,16,29
2021,신한대학교,148,169,90,131,1,0,0,0,0,0,3,0,4,3,10,4,40,31,76.6,1,5,1,1
2021,신한대학교 _제2캠퍼스,407,691,223,432,1,0,0,0,0,0,7,9,27,26,29,28,120,196,69.6,18,30,2,11
2021,아신대학교,69,83,0,0,0,0,0,0,0,0,0,0,0,0,69,83,0,0,0,0,0,0,0
2021,아주대학교,"1,317",873,784,498,0,0,0,0,0,0,5,5,37,24,201,119,290,227,72.4,23,54,4,8
2021,안양대학교,433,495,224,215,0,0,0,0,0,0,6,13,25,32,46,63,132,172,62.9,9,10,4,13
2021,안양대학교 _제2캠퍼스,32,23,18,7,0,0,0,0,0,0,0,1,0,3,1,1,13,11,54.7,0,0,0,0
2021,연세대학교,"2,219","1,914","1,088",939,1,1,0,0,0,0,15,6,84,65,593,459,438,444,71.4,20,48,3,4
2021,연세대학교(미래) _분교,879,775,477,443,0,1,0,0,0,0,7,4,24,38,137,85,234,204,69.4,44,15,1,4
2021,영남대학교,"2,428","2,461","1,163",914,4,8,0,0,0,6,20,16,54,98,231,279,956,"1,140",52.1,40,23,1,1
2021,영남신학대학교,54,41,4,5,0,0,0,0,0,0,0,1,0,2,45,29,5,4,57.1,1,0,0,0
2021,영산대학교,266,282,159,173,0,0,0,0,0,0,2,3,3,5,28,12,74,89,67.9,12,5,0,2
2021,영산대학교 _제2캠퍼스,301,462,160,219,5,2,0,0,0,0,15,20,12,20,25,52,84,149,66,5,18,0,1
2021,영산선학대학교,3,1,0,0,0,0,0,0,0,0,0,0,0,0,3,1,0,0,0,0,0,0,0
2021,예수대학교,33,117,22,92,0,0,0,0,0,0,1,0,1,0,3,1,6,24,79.5,0,2,0,1
2021,예원예술대학교,42,68,15,32,0,0,0,0,0,0,1,0,5,5,6,10,15,21,61.7,2,2,0,3
2021,예원예술대학교 _제2캠퍼스,19,43,8,14,0,0,0,0,0,0,0,1,2,5,1,2,8,21,50.8,0,0,1,0
2021,용인대학교,725,716,403,356,0,0,0,0,0,0,18,6,78,66,49,33,177,255,68.2,25,18,18,16
2021,우석대학교,830,643,459,339,0,0,0,0,0,0,13,6,27,13,99,66,232,219,65.5,35,6,6,8
2021,우송대학교,"1,008","1,146",526,621,1,5,0,0,0,0,9,11,32,36,177,182,263,291,69.1,6,4,16,33
2021,울산과학기술원,453,144,165,47,0,0,0,0,0,0,0,1,9,1,206,75,73,20,70.6,0,0,1,0
2021,울산대학교,"1,322","1,307",703,550,3,4,0,0,1,13,5,6,29,43,108,82,473,609,55.6,26,21,17,46
2021,원광대학교,"1,550","1,153",874,611,0,0,0,0,0,0,14,12,51,43,135,86,476,401,64.7,8,15,47,45
2021,위덕대학교,276,366,147,196,0,4,0,0,0,0,4,7,3,11,37,50,85,98,67,18,17,2,5
2021,유원대학교,425,376,243,193,1,0,0,0,0,0,5,22,23,21,24,26,129,114,67.6,24,35,0,0
2021,을지대학교,47,116,39,98,0,0,0,0,0,0,0,0,1,0,2,3,5,15,87.3,0,4,0,0
2021,을지대학교 _제2캠퍼스,288,742,195,551,0,0,0,0,0,0,1,0,6,18,12,25,74,148,77.6,5,49,2,19
2021,이화여자대학교,0,"3,364",0,"1,443",0,2,0,0,0,26,0,27,0,173,0,789,0,904,64.9,0,14,0,14
2021,인제대학교,998,"1,152",584,660,1,0,0,0,0,0,11,6,19,24,77,98,306,364,66.1,36,45,6,25
2021,인천가톨릭대학교,8,0,0,0,0,0,0,0,0,0,0,0,0,0,8,0,0,0,0,0,0,0,0
2021,인천가톨릭대학교 _제2캠퍼스,27,111,12,66,0,0,0,0,0,2,0,4,4,7,2,6,9,26,73.1,0,1,0,0
2021,인천대학교,"1,556","1,411",923,697,3,1,0,1,0,0,11,12,57,91,150,136,412,473,67,54,36,3,3
2021,인하대학교,"2,401","1,561","1,338",827,9,7,0,0,0,0,30,12,72,78,363,201,589,436,69.8,47,51,5,14
2021,장로회신학대학교,90,83,0,0,0,0,0,0,0,0,0,0,0,0,90,83,0,0,0,0,0,0,0
2021,전남대학교,"1,941","2,043","1,005",900,1,1,1,2,5,15,26,15,50,87,234,210,619,813,59.5,12,8,21,29
2021,전남대학교 _제2캠퍼스,342,205,184,85,0,0,0,0,0,0,1,2,9,5,28,17,120,96,57,4,0,5,8
2021,전북대학교,"2,169","1,915","1,164",810,0,0,7,1,1,5,17,16,38,67,259,229,683,787,59.1,37,29,23,21
2021,전주교육대학교,79,226,23,135,0,0,0,0,0,0,0,0,0,4,19,1,37,86,56.8,0,0,0,0
2021,전주대학교,"1,104","1,281",539,582,1,0,2,0,0,4,12,12,29,42,135,143,386,498,58,25,15,38,51
2021,제주국제대학교,155,96,87,50,0,0,1,0,0,0,8,1,5,5,15,1,39,39,66.8,40,10,0,0
2021,제주대학교,882,"1,182",449,503,1,1,0,0,0,0,13,22,19,41,113,97,287,518,56.6,24,42,12,14
2021,조선대학교,"2,330","2,269","1,169",999,6,15,1,0,5,21,21,25,75,74,193,164,860,971,56.8,45,40,39,53
2021,중부대학교,824,883,465,478,0,0,2,0,0,1,7,5,45,38,91,81,214,280,67.8,19,19,7,12
2021,중앙대학교,"2,621","2,563","1,455","1,366",1,1,0,0,1,0,30,20,106,108,365,428,663,640,70.3,69,180,14,7
2021,중앙대학교 _제2캠퍼스,845,829,449,324,0,1,0,0,9,10,33,30,61,89,96,123,197,252,69.1,5,4,15,15
2021,중앙승가대학교,26,13,0,0,0,0,0,0,0,0,0,0,0,0,26,13,0,0,0,0,0,0,0
2021,중원대학교,470,299,263,179,4,3,0,0,0,0,15,4,18,11,33,19,137,83,69.3,39,22,3,2
2021,진주교육대학교,106,222,50,153,0,0,0,0,0,0,0,0,1,2,20,0,35,67,66.9,0,1,0,0
2021,차의과학대학교,194,349,93,207,0,0,0,0,0,0,1,3,9,12,38,40,53,87,69.9,2,5,2,2
2021,창신대학교,139,297,81,171,0,0,0,0,1,2,4,10,2,9,11,12,40,93,67.8,19,21,1,6
2021,청운대학교,775,656,503,366,0,1,0,0,4,6,17,21,51,42,23,17,177,203,72.7,184,73,14,14
2021,청주교육대학교,89,214,55,132,0,0,0,0,0,0,0,1,0,5,6,0,28,76,65,0,3,0,0
2021,청주대학교,"1,430","1,078",804,578,0,0,1,0,1,5,11,11,58,54,118,81,437,349,66,26,16,59,54
2021,초당대학교,320,357,168,238,0,0,0,1,0,0,9,13,10,3,46,29,87,73,73.4,26,38,5,3
2021,총신대학교,155,244,25,122,0,0,0,0,0,0,0,1,4,14,98,41,28,66,63.8,1,37,0,1
2021,추계예술대학교,58,192,17,52,0,0,0,0,1,0,0,7,10,30,9,21,21,82,53.2,1,3,2,2
2021,춘천교육대학교,87,253,37,151,0,0,0,0,0,0,0,0,0,8,20,0,30,94,61.3,0,0,0,0
2021,충남대학교,"1,941","1,777",999,826,1,0,0,0,0,0,11,10,35,62,311,279,584,600,62.1,5,15,7,14
2021,충북대학교,"1,822","1,418",860,649,3,1,0,0,0,0,10,6,45,44,281,161,623,557,57.8,24,15,3,12
2021,칼빈대학교,44,53,2,28,0,0,0,0,0,0,0,0,0,0,41,16,1,9,75,0,18,0,0
2021,평택대학교,392,365,186,188,0,1,0,0,2,4,6,3,20,18,48,23,130,128,62.4,5,4,5,4
2021,포항공과대학교,245,71,37,21,0,0,0,0,0,0,2,0,3,0,187,43,16,7,73.3,0,0,1,0
2021,한경국립대학교,711,496,467,251,0,0,0,0,0,0,11,3,23,23,29,33,181,186,67.9,55,22,1,4
2021,한국공학대학교,"1,117",440,726,253,2,3,0,0,0,0,8,1,18,11,75,35,288,137,70.6,137,28,2,4
2021,한국과학기술원,558,149,122,45,0,0,0,0,0,0,3,2,15,1,353,81,65,20,68.9,0,0,0,0
2021,한국교원대학교,221,368,116,177,0,0,0,0,0,0,0,0,9,11,13,10,83,170,55.3,1,1,0,0
2021,한국국제대학교,268,260,143,161,0,0,0,0,0,0,5,5,9,5,21,9,90,80,65.9,22,23,0,0
2021,한국기술교육대학교,635,228,451,130,2,0,0,0,0,0,3,1,13,9,57,18,109,70,77.3,64,16,9,10
2021,한국성서대학교,90,166,43,120,0,0,0,0,0,0,1,2,7,6,14,13,25,25,78.2,2,2,0,1
2021,한국예술종합학교,186,327,33,108,0,1,0,0,1,2,14,18,37,58,39,35,62,105,62,1,1,0,1
2021,한국외국어대학교,"1,578","2,179",844,"1,050",5,8,0,0,3,0,21,15,60,101,175,287,470,718,63.9,29,20,2,3
2021,한국전통문화대학교,44,82,19,36,0,0,0,0,0,0,1,0,1,3,10,17,13,26,60.6,0,0,6,3
2021,한국체육대학교,372,239,202,114,0,0,0,0,0,0,9,2,32,37,49,15,80,71,72.4,3,1,0,0
2021,한국침례신학대학교,132,197,23,74,0,0,0,0,0,0,1,4,2,5,88,62,18,52,60.9,0,2,0,1
2021,한국항공대학교,652,203,363,104,0,0,0,0,0,0,3,0,19,4,97,23,170,72,67.1,7,1,0,0
2021,한남대학교,"1,082","1,308",623,647,2,4,0,0,2,14,10,8,27,51,99,112,319,472,63.7,7,10,17,42
2021,한동대학교,389,432,197,190,1,1,0,0,0,0,3,4,11,14,84,69,93,154,63,0,0,1,3
2021,한라대학교,573,231,341,119,1,0,0,0,0,0,4,1,22,12,18,5,187,94,64,14,9,7,7
2021,한려대학교,51,59,27,40,0,0,0,0,0,0,0,0,0,1,9,0,15,18,67.3,5,8,0,0
2021,한림대학교,844,897,447,402,0,0,0,0,0,0,9,9,27,54,102,123,259,309,62.5,6,2,13,10
2021,한서대학교,762,608,437,324,0,0,0,0,0,0,12,2,36,36,59,58,218,188,67.6,7,4,12,5
2021,한성대학교,778,669,458,370,0,4,0,0,1,3,11,7,32,46,43,33,233,206,68,27,20,25,21
2021,한세대학교,189,356,98,184,0,0,0,0,2,11,5,4,11,25,36,33,37,99,71.4,6,3,4,9
2021,한신대학교,474,513,236,252,1,0,0,0,0,0,3,4,20,34,58,26,156,197,60.9,7,7,7,7
2021,한양대학교,"2,139","1,585","1,127",760,1,0,0,0,0,0,14,7,65,69,480,381,452,368,71.4,48,121,4,6
2021,한양대학교(ERICA) _분교,"1,192",955,583,504,1,0,0,0,3,10,19,12,49,38,254,138,283,253,69.5,22,32,7,7
2021,한일장신대학교,91,108,36,49,0,0,0,0,0,0,0,4,6,4,27,34,22,17,71.7,2,1,0,0
2021,협성대학교,348,581,167,290,0,0,0,0,0,0,3,7,15,32,66,68,97,184,64.7,6,19,7,6
2021,호남대학교,853,850,372,412,0,0,2,1,1,8,11,7,24,29,249,184,194,209,68.3,50,23,5,9
2021,호남신학대학교,58,65,10,9,0,0,0,0,0,0,2,1,1,4,40,37,5,14,58.7,1,0,0,0
2021,호서대학교,"1,627","1,178",920,607,0,0,0,0,4,8,8,7,62,57,143,117,490,382,65.7,42,38,10,18
2021,호원대학교,645,628,341,369,0,0,0,0,0,0,25,27,50,43,73,22,156,167,72.6,109,146,9,2
2021,홍익대학교,"1,506","1,531",882,804,1,1,0,0,1,0,15,21,55,86,123,159,429,460,67.7,16,114,13,8
2021,홍익대학교 _제2캠퍼스,821,695,482,367,1,0,0,0,0,0,11,10,32,56,53,29,242,233,66.9,11,4,4,7
2021,화성의과학대학교,63,55,31,38,0,0,0,0,0,0,0,0,2,6,4,0,26,11,67.5,0,3,0,0
2021,ICT폴리텍대학,120,11,68,6,0,0,0,0,0,0,1,0,2,0,23,0,26,5,71.3,4,0,0,0
2021,가톨릭상지대학교,223,379,128,267,0,0,15,12,0,0,6,8,2,1,24,28,48,63,79.8,23,70,0,3
2021,강동대학교,554,702,217,380,0,0,0,1,8,19,8,14,25,30,177,82,119,176,70.4,41,48,4,2
2021,강릉영동대학교,395,533,196,354,0,0,0,0,0,0,4,4,18,9,78,21,99,145,70.6,21,29,1,1
2021,강원관광대학교,187,247,95,144,0,0,0,0,0,0,8,9,12,9,15,13,57,72,68.2,37,43,0,0
2021,강원도립대학교,142,89,48,38,0,0,1,0,0,0,0,1,4,3,43,10,46,37,53.4,6,1,1,1
2021,거제대학교,266,152,144,112,0,0,0,0,0,0,1,2,7,2,39,11,75,25,72.8,27,22,0,2
2021,경기과학기술대학교,"1,462",381,894,208,6,4,0,0,0,0,8,2,58,18,177,46,319,103,74,296,50,8,9
2021,경남도립거창대학,216,115,107,67,0,0,1,0,0,0,4,3,4,1,50,9,50,35,68.8,12,2,0,0
2021,경남도립남해대학,237,89,125,49,0,0,10,3,0,0,6,0,3,1,35,9,58,27,69.9,11,2,1,0
2021,경남정보대학교,"1,591","1,310",934,783,1,1,0,0,0,0,16,32,38,37,221,161,381,296,73.1,183,140,16,20
2021,경민대학교,899,910,458,506,0,0,0,0,2,16,4,12,43,47,187,120,205,209,72.4,140,60,8,8
2021,경복대학교,585,"1,648",314,"1,072",0,0,0,0,22,25,9,12,34,60,98,196,108,283,79.8,53,99,7,13
2021,경북과학대학교,205,271,95,164,0,0,3,1,0,0,9,14,6,5,56,14,36,73,73.2,21,62,0,1
2021,경북도립대학교,177,118,79,71,0,0,5,2,0,0,5,2,5,3,44,8,39,32,70.8,14,20,1,0
2021,경북보건대학교,94,244,58,171,0,0,0,2,0,0,1,1,3,2,9,8,23,60,74.1,2,10,0,2
2021,경북전문대학교,512,564,248,407,1,0,1,3,0,0,7,4,4,2,160,47,91,101,77.9,46,78,2,2
2021,경인여자대학교,0,"1,849",0,989,0,0,0,0,0,24,0,8,0,103,0,252,0,473,70.4,0,172,0,13
2021,계명문화대학교,783,"1,290",314,689,7,6,2,1,3,17,12,12,25,25,208,188,212,352,66.4,19,100,3,1
2021,계원예술대학교,353,829,162,310,0,0,0,0,10,27,7,11,29,92,57,139,88,250,65.7,7,9,3,7
2021,광양보건대학교,127,200,60,102,0,0,0,0,0,0,0,0,3,3,31,38,33,57,65.1,0,1,0,0
2021,광주보건대학교,389,907,258,627,0,0,0,0,0,0,1,2,4,9,37,44,89,225,74.2,32,116,2,5
2021,구미대학교,"1,119",870,691,569,0,2,0,2,0,0,9,29,20,18,186,71,213,179,77.4,252,154,1,0
2021,국제대학교,862,557,375,275,0,0,0,0,9,19,7,3,54,32,184,80,233,148,67,10,32,2,1
2021,군산간호대학교,54,233,47,179,0,0,0,0,0,0,0,0,0,1,2,2,5,51,80.2,2,32,0,0
2021,군장대학교,377,362,164,210,0,0,6,11,0,0,7,5,13,18,110,38,77,80,73.4,53,94,0,1
2021,기독간호대학교,26,138,23,107,0,0,0,0,0,0,0,1,0,2,1,0,2,28,81.6,0,24,0,0
2021,김포대학교,761,613,317,278,0,0,1,1,24,36,9,11,44,35,175,98,191,154,68.7,46,41,3,1
2021,김해대학교,169,288,78,187,0,0,0,0,0,0,3,5,4,8,42,18,42,70,71.8,13,56,0,0
2021,나주대학교,231,611,122,350,0,0,27,27,0,0,9,17,5,21,18,54,50,142,75.1,101,222,0,0
2021,농협대학교,116,58,98,52,0,0,13,1,0,0,1,0,0,0,1,0,3,5,95.4,25,14,0,0
2021,대경대학교,669,777,256,339,0,0,0,0,9,32,14,21,35,49,214,116,141,220,67.7,35,54,1,5
2021,대구공업대학교,394,286,169,138,0,0,0,0,19,43,4,7,10,8,72,23,120,67,68,17,50,1,8
2021,대구과학대학교,513,884,227,551,1,2,1,1,0,0,17,12,14,12,117,78,136,228,69.7,31,60,6,15
2021,대구보건대학교,857,"1,600",527,"1,032",13,8,0,0,0,1,3,5,13,36,117,147,184,371,74.7,85,126,5,7
2021,대덕대학교,"1,078",595,508,308,0,0,0,0,16,31,10,7,19,19,292,74,233,156,70.2,66,48,6,7
2021,대동대학교,117,329,66,229,0,0,0,0,0,0,1,2,8,8,11,9,31,81,73.7,5,19,0,0
2021,대림대학교,"1,578",998,"1,034",619,2,6,0,0,0,9,15,9,62,38,151,107,314,210,77.4,303,106,14,24
2021,대원대학교,435,459,207,288,0,0,0,0,0,0,5,4,15,15,96,49,112,103,71.3,39,43,1,2
2021,대전과학기술대학교,539,985,256,663,0,0,0,0,13,18,3,3,13,18,123,74,131,209,74.4,26,56,5,15
2021,대전보건대학교,658,"1,337",406,884,2,2,0,0,1,3,4,11,10,25,93,95,142,317,74.6,58,141,3,26
2021,동강대학교,530,638,262,388,0,0,2,3,0,0,5,7,12,7,129,66,120,167,70.5,65,78,3,1
2021,동남보건대학교,431,"1,173",275,792,0,1,0,0,0,0,3,7,13,54,48,62,92,257,76.6,38,142,6,21
2021,동서울대학교,"1,361","1,147",634,578,0,0,0,0,11,20,17,7,91,85,237,146,371,311,67.9,47,49,20,20
2021,동아방송예술대학교,372,689,145,273,0,0,0,0,3,3,14,9,69,130,62,80,79,194,70.3,9,17,12,12
2021,동아보건대학교,149,384,78,239,0,0,0,2,0,0,7,11,4,12,26,28,34,92,73.7,20,79,0,0
2021,동양미래대학교,"1,465",820,895,408,0,0,0,0,1,14,7,8,46,43,169,134,347,213,71.7,195,84,8,9
2021,동원과학기술대학교,533,325,285,206,0,0,0,0,0,0,8,4,11,6,110,35,119,74,72.9,46,56,6,4
2021,동원대학교,767,720,347,369,0,0,0,0,2,11,7,7,43,28,176,94,192,211,66.9,50,70,4,10
2021,동의과학대학교,"1,379",970,742,551,1,0,0,0,0,0,12,9,29,21,234,132,361,257,68.8,136,85,11,13
2021,두원공과대학교,"1,203",543,602,313,0,0,0,0,1,1,11,4,49,30,182,41,358,154,66.4,52,21,7,11
2021,마산대학교,692,"1,142",416,812,0,0,0,0,0,0,4,2,16,23,81,36,175,269,74.1,27,76,7,11
2021,명지전문대학,"1,175","1,622",487,703,0,0,0,0,16,52,12,19,70,132,244,193,346,523,63.2,82,125,20,23
2021,목포과학대학교,310,427,141,248,0,0,4,0,0,0,12,8,10,8,68,45,75,118,69.1,43,54,1,0
2021,문경대학교,72,202,46,149,0,0,0,0,0,0,1,4,1,3,15,5,9,41,80.3,7,18,0,0
2021,배화여자대학교,0,"1,189",0,600,0,0,0,0,0,0,0,13,0,52,0,128,0,396,62.7,0,86,0,12
2021,백석문화대학교,776,"1,214",332,669,0,0,0,0,8,11,12,9,42,46,207,169,175,310,70,29,82,4,28
2021,백제예술대학교,270,272,60,72,0,0,0,0,0,0,4,4,34,42,101,20,71,134,51.3,2,5,3,0
2021,부산경상대학교,375,501,175,253,0,0,0,0,2,5,11,17,12,13,80,90,95,123,69.1,35,68,10,8
2021,부산과학기술대학교,949,652,426,345,0,0,0,0,1,0,9,6,30,13,234,114,249,174,66.2,64,55,1,1
2021,부산보건대학교,340,664,160,386,0,0,0,1,1,11,5,6,15,25,74,54,85,181,69.6,14,73,2,12
2021,부산여자대학교,0,942,0,520,0,0,0,0,0,0,0,9,0,24,0,106,0,283,66.1,0,41,0,3
2021,부산예술대학교,120,158,22,38,0,0,0,0,0,0,1,2,3,18,56,26,38,74,42.9,1,5,0,0
2021,부천대학교,"1,452","1,759",808,"1,000",1,0,0,0,6,9,13,21,76,87,198,215,350,427,72.2,322,166,15,46
2021,삼육보건대학교,66,393,38,280,0,0,0,0,0,0,0,1,1,10,12,21,15,81,77.5,2,54,1,6
2021,상지영서대학교,503,368,254,174,0,0,0,0,0,0,8,10,18,11,123,55,100,118,68.5,130,44,0,0
2021,서라벌대학교,78,133,43,92,0,0,0,0,0,0,1,1,1,5,11,1,22,34,71.9,6,12,0,0
2021,서영대학교,"1,027","1,108",618,671,0,0,0,0,11,20,12,9,39,32,142,111,205,265,75,206,156,3,10
2021,서울여자간호대학교,0,244,0,202,0,0,0,0,0,0,0,0,0,2,0,1,0,39,84,0,28,0,0
2021,서울예술대학교,431,603,124,215,0,0,0,0,10,6,25,14,91,120,65,57,116,191,66.3,7,14,6,5
2021,서일대학교,"1,192","1,084",562,520,0,0,0,0,17,56,16,14,71,58,208,134,318,302,67.9,65,70,19,25
2021,서정대학교,833,"1,082",424,590,0,0,0,0,0,0,22,33,46,48,147,125,194,286,70.8,182,215,1,0
2021,서해대학,4,5,0,1,0,0,0,0,0,0,1,0,0,1,1,0,2,3,37.5,0,0,0,0
2021,선린대학교,281,541,165,363,0,0,0,0,0,0,2,5,4,3,42,37,68,133,72.9,29,77,0,0
2021,성운대학교,181,568,68,320,0,0,2,0,0,0,9,29,2,21,76,65,24,133,74.2,42,216,0,0
2021,세경대학교,197,224,86,118,0,0,0,1,0,0,8,7,3,9,63,25,37,64,69.7,50,48,0,0
2021,송곡대학교,51,112,24,80,0,0,0,0,0,0,0,0,1,2,12,4,14,26,72.8,0,6,0,0
2021,송호대학교,106,172,57,110,0,0,0,0,0,0,1,3,7,8,25,12,16,39,77.2,15,22,1,0
2021,수성대학교,475,834,169,430,1,0,3,5,0,0,5,12,8,15,173,118,116,254,63.7,30,96,0,6
2021,수원과학대학교,"1,077","1,180",565,646,0,0,0,0,0,2,17,10,55,69,165,99,275,354,68.4,42,51,2,17
2021,수원여자대학교,0,"1,547",0,837,0,0,0,0,0,76,0,8,0,77,0,103,0,446,69.1,0,77,0,17
2021,순천제일대학교,634,337,329,235,0,0,3,1,0,0,6,9,7,1,87,25,202,66,68.8,55,49,1,1
2021,숭의여자대학교,0,"1,471",0,664,0,0,0,0,0,156,0,9,0,89,0,144,0,409,69.2,0,92,0,27
2021,신구대학교,851,"1,646",488,"1,006",0,5,0,0,16,55,3,10,33,76,127,104,184,390,74.7,73,134,7,17
2021,신성대학교,722,732,424,506,0,0,0,0,0,0,8,5,20,19,98,42,172,160,74.7,90,93,0,0
2021,신안산대학교,"1,015",711,479,311,0,0,0,0,12,25,12,9,60,47,177,78,275,241,64.9,70,42,6,9
2021,아주자동차대학교,484,14,276,5,0,0,0,0,0,0,7,0,15,0,82,4,104,5,73.5,5,0,3,0
2021,안동과학대학교,403,555,229,386,0,0,0,0,0,0,4,4,12,8,70,41,88,116,75.9,31,32,0,2
2021,안산대학교,518,996,289,630,0,0,0,0,0,0,2,3,29,33,72,76,126,254,72.2,32,65,2,23
2021,여주대학교,"1,215",785,652,459,0,0,0,0,7,7,9,4,51,48,213,52,283,215,71.3,237,56,6,9
2021,연성대학교,781,"1,495",402,817,0,0,0,0,4,22,5,6,36,81,121,167,213,402,69.1,34,80,17,34
2021,연암공과대학교,408,36,297,27,13,0,0,0,0,0,0,0,5,0,11,2,82,7,79.4,7,2,2,0
2021,연암대학교,274,215,116,122,0,0,63,4,0,0,2,5,6,9,42,21,45,54,76.8,25,6,4,6
2021,영남외국어대학,44,130,23,78,0,0,0,0,0,0,4,8,2,4,7,14,8,26,77.8,17,34,0,1
2021,영남이공대학교,"1,362","1,000",791,585,0,0,0,0,1,7,10,5,17,28,182,109,361,266,69.7,77,85,12,16
2021,영진전문대학교,"2,260","1,003","1,444",608,10,5,0,0,7,13,10,10,40,12,258,133,491,222,75.2,326,149,17,21
2021,오산대학교,"1,215",905,632,462,0,0,0,0,14,33,17,8,53,59,198,126,301,217,71.2,122,71,11,26
2021,용인예술과학대학교,751,712,354,362,0,0,0,0,5,22,6,5,43,37,110,78,233,208,65.4,21,43,2,15
2021,우송정보대학,972,867,448,467,1,11,1,0,5,16,12,8,33,29,227,117,245,219,69,48,23,10,21
2021,울산과학대학교,"1,227",714,825,439,0,0,1,0,0,0,11,7,8,11,104,80,278,177,74.1,141,69,3,10
2021,웅지세무대학교,212,175,72,76,0,0,0,0,0,0,3,2,14,8,9,3,114,86,46.7,3,2,0,0
2021,원광보건대학교,507,"1,140",278,697,3,10,3,2,1,1,3,7,14,22,104,134,101,267,73.9,24,92,4,23
2021,유한대학교,"1,177",777,646,411,1,0,0,0,26,65,11,7,57,25,142,85,294,184,72.3,72,35,4,10
2021,인덕대학교,"1,119","1,271",531,565,0,0,0,0,20,36,12,12,57,77,195,149,304,432,64,84,75,18,26
2021,인하공업전문대학,"1,945",860,"1,162",483,1,0,0,0,2,1,15,8,73,43,204,97,488,228,71.4,225,50,3,2
2021,장안대학교,864,"1,341",362,655,3,1,0,0,8,43,7,8,55,95,150,149,279,390,64.9,31,65,5,30
2021,재능대학교,701,869,358,477,0,0,0,0,2,4,3,1,33,64,144,86,161,237,70.3,47,47,6,18
2021,전남과학대학교,836,649,445,348,0,0,13,12,0,2,20,33,22,23,214,72,122,159,76.6,215,97,6,5
2021,전남도립대학교,312,206,135,107,0,0,6,4,1,2,1,6,9,6,86,26,74,55,68.2,32,8,0,0
2021,전북과학대학교,239,382,108,231,0,0,17,15,2,2,8,9,5,6,56,40,43,79,76.8,43,73,0,6
2021,전주기전대학,151,400,49,190,0,1,6,5,0,10,3,7,3,15,49,63,41,109,65.8,11,22,0,0
2021,전주비전대학교,763,648,423,383,0,0,1,4,2,8,7,6,14,8,168,98,148,141,74.8,116,58,2,1
2021,제주관광대학교,277,392,141,237,0,1,2,3,0,0,7,2,8,14,63,36,56,99,72.8,23,34,2,4
2021,제주한라대학교,725,951,328,547,0,0,0,0,0,0,4,5,18,25,207,139,168,235,69.7,53,102,7,15
2021,조선간호대학교,39,168,31,143,0,0,0,0,0,0,0,0,0,0,1,1,7,24,84.9,2,15,0,0
2021,조선이공대학교,"1,139",285,629,119,0,0,4,1,13,27,10,6,13,13,148,68,322,51,69.1,84,27,4,6
2021,진주보건대학교,204,663,117,435,0,0,0,0,0,0,5,9,3,9,25,37,54,173,71.8,14,49,0,5
2021,창원문성대학교,623,496,332,307,0,0,0,0,0,4,12,4,14,9,91,34,174,138,68.6,40,70,4,14
2021,청강문화산업대학교,435,846,205,349,0,0,0,0,10,36,6,9,31,95,59,109,124,248,66.6,15,23,1,3
2021,청암대학교,250,638,104,407,0,0,0,0,0,0,2,4,5,9,53,20,86,198,65.2,14,63,0,1
2021,춘해보건대학교,186,677,132,502,0,0,0,0,0,0,0,6,4,22,22,26,28,121,81.7,25,62,0,2
2021,충남도립대학교,204,162,117,90,0,4,0,1,2,6,3,5,9,4,20,9,53,43,71.5,4,12,1,8
2021,충북도립대학교,218,128,107,64,0,0,0,0,1,2,3,1,5,3,39,16,63,42,63.9,7,8,3,5
2021,충북보건과학대학교,527,520,292,373,0,0,1,1,0,0,8,2,14,5,100,36,112,103,76.4,56,65,4,3
2021,충청대학교,795,783,409,456,0,0,0,0,0,5,13,12,18,27,152,72,203,211,69.4,68,79,5,8
2021,포항대학교,393,290,225,181,0,0,0,0,0,0,6,2,5,2,51,34,106,71,70.4,30,26,1,6
2021,한국골프대학교,96,30,40,7,0,0,0,0,0,0,5,3,11,5,17,4,23,11,67.6,21,1,0,0
2021,한국관광대학교,288,526,137,290,1,0,0,0,0,0,4,4,14,21,62,45,70,166,66.6,10,18,2,8
2021,한국농수산대학교,449,138,68,46,0,0,83,29,0,0,4,0,8,3,204,23,82,37,66.9,6,7,0,0
2021,한국복지대학교,121,111,55,48,0,0,0,0,1,0,1,0,2,3,30,34,32,26,65.5,5,3,0,1
2021,한국승강기대학교,308,7,236,4,0,0,0,0,0,0,2,0,2,0,23,3,45,0,84.4,11,0,1,1
2021,한국영상대학교,502,769,182,315,0,0,0,0,18,36,8,3,63,109,133,127,98,179,72.6,8,17,3,8
2021,한국폴리텍 I 대학 서울강서캠퍼스,97,118,45,67,0,0,0,0,8,22,0,0,7,3,21,6,16,20,80.9,2,4,0,0
2021,한국폴리텍 I 대학 서울정수캠퍼스,590,67,357,34,0,0,0,0,14,17,7,1,10,2,77,3,125,10,76.6,108,4,0,0
2021,한국폴리텍 I 대학 성남캠퍼스,392,15,252,9,0,0,0,0,6,1,3,0,13,0,36,0,82,5,76.5,33,1,0,0
2021,한국폴리텍 I 대학 제주캠퍼스,7,8,5,7,0,0,0,0,0,0,0,0,0,0,1,0,1,1,85.7,0,0,0,0
2021,한국폴리텍 II 대학 인천캠퍼스,943,88,609,56,0,0,0,0,9,3,8,0,16,8,102,2,199,19,76.5,201,5,1,0
2021,한국폴리텍 III 대학 강릉캠퍼스,49,2,32,1,0,0,0,0,0,0,0,0,2,0,4,1,11,0,76.1,1,0,0,0
2021,한국폴리텍 III 대학 원주캠퍼스,20,1,11,0,0,0,0,0,0,0,0,0,0,0,6,0,3,1,73.3,0,0,0,0
2021,한국폴리텍 III 대학 춘천캠퍼스,106,13,58,10,0,0,0,0,11,1,2,0,2,0,13,1,20,1,80,1,0,1,0
2021,한국폴리텍 IV 대학 대전캠퍼스,380,31,268,15,0,0,0,0,2,4,1,1,4,2,30,4,75,5,78.8,21,1,0,0
2021,한국폴리텍 IV 대학 아산캠퍼스,216,27,151,13,0,0,0,0,2,0,0,0,7,1,19,3,37,10,78.7,9,0,0,1
2021,한국폴리텍 IV 대학 청주캠퍼스,317,19,213,13,0,0,0,0,0,0,1,0,3,0,17,1,83,5,72.3,14,2,1,1
2021,한국폴리텍 IV 대학 홍성캠퍼스,112,0,76,0,0,0,0,0,0,0,0,0,3,0,6,0,27,0,74.5,1,0,0,0
2021,한국폴리텍 V 대학 광주캠퍼스,378,11,291,7,0,0,0,0,0,0,0,0,2,1,23,2,62,1,82.7,22,0,0,0
2021,한국폴리텍 V 대학 순천캠퍼스,11,0,0,0,0,0,0,0,0,0,0,0,0,0,9,0,2,0,0,0,0,0,0
2021,한국폴리텍 V 대학 익산캠퍼스,60,1,50,1,0,0,0,0,0,0,0,0,0,0,5,0,5,0,91.1,11,0,0,0
2021,한국폴리텍 V 대학 전남캠퍼스,106,6,75,2,0,0,0,0,0,0,0,0,1,0,12,2,18,2,79.6,12,1,0,0
2021,한국폴리텍 V 대학 전북캠퍼스,221,2,142,2,0,0,1,0,0,0,0,0,4,0,16,0,58,0,72,3,0,0,0
2021,한국폴리텍 VI 대학 구미캠퍼스,235,10,160,6,0,0,0,0,0,0,1,1,2,0,19,1,53,2,75.6,4,0,0,0
2021,한국폴리텍 VI 대학 대구캠퍼스,316,10,208,9,0,0,0,0,0,0,0,0,5,0,26,0,77,1,74,16,0,0,0
2021,한국폴리텍 VI 대학 영남융합기술캠퍼스,52,45,18,21,0,0,0,0,11,10,2,0,0,0,18,8,3,6,87.3,1,3,0,0
2021,한국폴리텍 VI 대학 영주캠퍼스,23,3,13,2,0,0,0,0,0,0,0,0,0,0,5,0,5,1,71.4,1,0,0,0
2021,한국폴리텍 VII 대학 부산캠퍼스,355,7,222,4,0,0,0,0,12,1,1,0,5,0,25,1,90,1,72.9,6,1,0,0
2021,한국폴리텍 VII 대학 울산캠퍼스,314,2,229,1,0,0,0,0,28,0,1,0,4,0,8,0,44,1,85.4,15,0,0,0
2021,한국폴리텍 VII 대학 창원캠퍼스,662,21,513,15,0,0,0,0,8,1,4,0,7,0,19,0,111,5,82.5,114,4,0,0
2021,한국폴리텍 특성화대학 바이오캠퍼스,118,62,104,51,0,0,0,0,0,0,0,0,1,0,0,1,13,10,87.2,2,0,0,0
2021,한국폴리텍 특성화대학 반도체융합캠퍼스,241,46,158,33,0,0,0,0,4,0,1,0,5,0,27,1,46,12,77.6,17,0,0,0
2021,한국폴리텍 특성화대학 항공캠퍼스,240,11,148,7,0,0,0,0,0,0,1,0,1,0,37,2,53,2,74.1,16,0,1,0
2021,한림성심대학교,494,602,249,341,0,0,0,0,0,0,4,4,15,8,132,95,94,154,71.5,76,38,5,9
2021,한양여자대학교,0,"2,361",0,"1,090",0,16,0,0,0,109,0,18,0,139,0,312,0,677,67,0,122,0,52
2021,한영대학교,328,225,214,160,0,0,3,2,0,0,7,1,4,4,14,14,86,44,75.2,39,76,0,2
2021,혜전대학교,434,629,218,443,0,0,0,0,0,0,5,5,24,14,71,36,116,131,74.2,16,55,6,10
2021,호산대학교,189,506,85,297,0,0,4,7,0,0,7,19,6,11,40,53,47,119,72.4,27,115,1,1
2022,가야대학교(김해),209,345,125,230,0,0,0,0,0,0,4,3,1,7,16,15,63,90,70.7,15,27,1,14
2022,가천대학교,"2,000","2,437","1,148","1,306",9,7,2,0,11,34,22,21,94,153,186,223,528,693,69.7,40,59,23,45
2022,가톨릭관동대학교,"1,049",636,542,322,4,6,0,0,0,0,17,14,63,28,84,51,339,215,64.3,17,23,5,11
2022,가톨릭꽃동네대학교,41,82,31,61,0,0,0,0,0,0,0,0,1,2,2,2,7,17,79.8,1,1,1,1
2022,가톨릭대학교,665,961,351,490,0,2,0,0,0,0,9,7,21,49,103,115,181,298,66,13,18,3,1
2022,가톨릭대학교 _제2캠퍼스,60,119,54,106,0,0,0,0,0,0,0,0,0,1,3,0,3,12,91.5,0,0,0,0
2022,가톨릭대학교 _제3캠퍼스,34,5,0,0,0,0,0,0,0,0,0,0,0,0,34,5,0,0,0,0,0,0,0
2022,감리교신학대학교,122,65,0,0,0,0,0,0,0,0,0,0,0,0,122,65,0,0,0,0,0,0,0
2022,강남대학교,710,901,399,464,6,0,0,0,0,0,6,12,46,56,31,31,222,338,63.8,40,34,2,11
2022,강서대학교,118,200,60,115,0,0,0,0,0,5,2,0,5,16,15,13,36,51,70,5,17,3,0
2022,강원대학교,"2,500","1,777","1,299",798,6,1,6,2,0,0,55,30,96,93,236,192,802,661,62,35,22,18,19
2022,강원대학교 _제2캠퍼스,"1,055",545,610,320,3,3,0,0,0,0,22,4,50,26,53,27,317,165,68.3,34,10,0,0
2022,건국대학교,"1,924","1,939","1,120",922,0,3,0,0,0,1,16,13,62,80,291,428,435,492,70.5,50,74,4,3
2022,건국대학교(글로컬) _분교,775,892,423,441,11,9,0,0,3,2,13,7,28,44,88,106,209,283,66.6,19,17,3,2
2022,건양대학교,380,484,243,279,1,0,0,0,0,0,2,4,16,27,24,23,94,151,70,23,5,1,0
2022,건양대학교 _제2캠퍼스,272,577,198,474,0,0,1,0,0,0,1,3,2,6,26,23,44,71,85.6,11,14,0,1
2022,경기대학교,"1,371","1,389",809,694,3,2,0,0,0,0,9,13,61,81,116,118,373,481,66.2,54,35,30,44
2022,경기대학교 _제2캠퍼스,153,281,81,110,0,0,0,0,0,0,6,1,18,21,20,61,28,88,67.1,2,4,1,3
2022,경남과학기술대학교,661,493,348,261,2,0,1,1,0,0,4,7,9,9,31,32,266,183,58.8,27,18,0,3
2022,경남대학교,"1,481","1,120",853,570,3,0,0,0,8,18,12,7,47,45,130,88,428,392,65.6,54,22,22,34
2022,경동대학교,155,75,48,18,0,0,0,0,0,0,1,0,3,0,86,51,17,6,75.3,25,8,0,0
2022,경동대학교 _제3캠퍼스,273,722,199,597,1,2,0,0,0,0,0,0,7,9,16,6,50,108,83.8,14,34,3,7
2022,경동대학교 _제4캠퍼스,342,264,202,189,1,0,0,0,0,0,1,1,22,11,29,6,87,57,74.8,35,10,0,6
2022,경북대학교,"2,978","2,317","1,514","1,055",9,4,9,3,0,0,16,13,60,57,447,342,923,843,60.8,27,17,2,4
2022,경상국립대학교,"1,770","1,500",834,587,2,1,4,0,0,0,18,8,35,49,235,169,642,686,53.7,51,25,2,9
2022,경성대학교,"1,336","1,659",558,720,6,22,0,0,2,6,15,12,44,86,240,173,471,640,57,20,32,5,16
2022,경운대학교,517,508,309,356,0,1,0,0,0,0,7,3,15,12,42,6,144,130,72,16,17,7,4
2022,경인교육대학교 _제2캠퍼스,154,528,84,336,0,0,0,0,0,0,1,1,3,6,11,2,55,183,64.4,1,8,0,0
2022,경일대학교,869,431,491,257,1,5,0,0,0,1,11,3,33,14,44,19,289,132,66,88,25,17,14
2022,경희대학교,"2,980","3,534","1,620","1,660",1,10,0,0,0,1,25,36,143,214,492,773,699,840,70.7,61,214,2,4
2022,계명대학교,"2,193","2,914","1,097","1,342",8,13,0,0,5,11,31,35,73,135,223,277,756,"1,101",59.7,55,94,12,18
2022,고려대학교,"2,577","2,328","1,258",980,2,2,0,0,0,0,19,12,90,75,717,748,491,511,70.9,16,9,4,4
2022,고려대학교(세종) _분교,969,527,519,249,1,2,0,0,0,0,13,5,49,36,126,73,261,162,67.4,12,5,1,2
2022,고신대학교,306,473,128,279,0,0,0,0,0,0,3,1,13,10,101,66,61,117,70.9,0,4,0,1
2022,공주교육대학교,129,242,64,152,0,0,0,0,0,0,1,0,0,1,13,4,51,85,61.6,1,3,0,0
2022,광신대학교,47,75,8,17,0,0,0,0,0,0,2,3,4,4,27,30,6,21,58.5,3,8,0,0
2022,광운대학교,"1,165",637,644,340,1,3,0,0,0,0,7,3,44,30,163,68,306,193,68.2,36,25,3,1
2022,광주가톨릭대학교,13,3,0,0,0,0,0,0,0,0,0,0,0,0,13,3,0,0,0,0,0,0,0
2022,광주과학기술원,121,46,16,10,0,0,0,0,0,0,0,0,3,2,88,25,14,9,57.4,0,0,0,0
2022,광주교육대학교,124,214,75,123,0,0,0,0,0,0,1,0,1,6,9,2,38,83,63,1,0,0,0
2022,광주대학교,613,923,317,515,0,0,1,0,2,13,12,3,22,34,43,67,216,291,64.4,31,33,5,21
2022,광주여자대학교,0,871,0,476,0,1,0,0,0,0,0,17,0,52,0,53,0,272,66.7,0,12,0,15
2022,국립강릉원주대학교,656,566,301,258,1,1,0,0,0,0,4,6,31,26,67,61,252,214,57.4,3,8,1,3
2022,국립강릉원주대학교 _제2캠퍼스,275,211,186,109,0,0,0,0,0,0,0,1,7,6,8,3,74,92,65.1,8,4,0,3
2022,국립공주대학교,"1,501","1,494",843,679,3,5,3,1,0,0,18,12,49,64,147,148,438,585,62.1,181,39,1,8
2022,국립군산대학교,937,614,512,298,0,0,1,0,3,2,11,3,19,13,90,62,301,236,61.6,20,10,20,11
2022,국립금오공과대학교,"1,065",374,635,185,4,4,0,0,0,0,6,1,21,7,90,45,309,132,66.2,57,13,0,1
2022,국립목포대학교,833,651,429,333,3,10,0,0,2,5,9,3,31,22,102,54,257,224,63.8,34,18,11,24
2022,국립목포해양대학교,523,88,376,42,0,0,0,0,0,0,1,0,4,2,83,7,59,37,81.6,3,1,0,0
2022,국립부경대학교,"2,027","1,843","1,016",770,2,3,0,0,0,0,12,9,40,88,247,250,710,723,57.5,95,45,5,9
2022,국립순천대학교,800,760,407,363,0,1,7,1,4,9,11,3,25,25,61,48,285,310,59,28,16,7,7
2022,국립안동대학교,790,523,400,225,4,1,0,0,0,5,13,6,21,17,75,50,277,219,58.2,9,2,6,9
2022,국립창원대학교,887,933,455,452,1,1,0,0,0,0,9,12,25,53,80,64,317,351,60.1,77,43,10,18
2022,국립한국교통대학교,"1,332",705,792,379,3,8,0,0,0,0,9,5,38,28,101,47,389,238,66.8,49,29,3,4
2022,국립한국해양대학교,"1,120",418,758,219,1,1,0,0,0,0,3,4,18,11,165,34,175,149,75.8,80,29,5,6
2022,국립한밭대학교,"1,365",736,818,369,5,0,0,0,0,0,13,8,27,31,86,42,416,286,64.4,192,66,3,7
2022,국민대학교,"1,967","1,963","1,032",987,0,7,0,0,2,7,21,17,83,115,356,352,473,478,70.5,60,141,8,19
2022,극동대학교,428,344,242,217,0,2,0,0,0,0,5,2,32,25,26,5,123,93,70.9,11,4,0,0
2022,금강대학교,45,48,18,17,0,0,0,0,0,0,1,0,2,0,9,11,15,20,52.1,0,0,0,1
2022,김천대학교,326,441,196,296,0,0,0,0,0,0,5,3,7,4,28,40,90,98,73.1,14,15,1,3
2022,나사렛대학교,442,700,258,370,0,0,0,0,0,0,3,4,26,53,51,45,104,228,68.3,1,12,7,11
2022,남부대학교,299,396,169,264,0,0,0,0,0,0,2,6,16,7,46,22,66,97,74,48,19,4,6
2022,남서울대학교,934,"1,277",507,726,1,2,0,0,0,0,14,13,49,73,80,91,283,372,67.9,29,39,13,32
2022,단국대학교,"1,540","1,493",822,708,3,7,0,0,12,10,23,12,74,97,164,162,442,497,65.3,33,41,5,3
2022,단국대학교 _제2캠퍼스,"1,235","1,592",679,796,4,4,0,0,2,3,17,13,70,108,141,172,322,496,67.5,37,48,1,5
2022,대구가톨릭대학교,"1,214","1,596",643,803,2,6,0,0,1,2,15,12,32,82,116,147,405,544,62.7,9,21,8,35
2022,대구경북과학기술원,71,62,13,9,0,0,0,0,0,0,1,0,3,5,47,38,7,10,64.6,0,0,0,0
2022,대구교육대학교,139,257,85,171,0,0,0,0,0,0,1,0,0,4,11,0,42,82,67.8,2,1,0,0
2022,대구대학교,"1,904","2,129",997,"1,039",6,6,6,0,11,13,23,13,49,65,128,147,684,846,59.3,90,28,53,67
2022,대구예술대학교,88,109,32,45,0,0,0,0,0,0,3,2,4,10,8,8,41,44,53,2,3,0,1
2022,대구한의대학교,620,915,380,500,0,0,0,0,0,0,4,19,17,28,35,72,184,296,66.4,37,51,4,5
2022,대신대학교,44,61,12,9,0,0,0,0,0,0,1,2,1,2,25,32,5,16,56.3,6,1,0,0
2022,대전가톨릭대학교,8,0,0,0,0,0,0,0,0,0,0,0,0,0,8,0,0,0,0,0,0,0,0
2022,대전대학교,995,868,606,493,1,2,0,0,0,0,9,7,27,32,55,54,297,280,67.1,20,22,39,43
2022,대전신학대학교,14,10,0,0,0,0,0,0,0,0,0,0,0,0,14,10,0,0,0,0,0,0,0
2022,대진대학교,752,777,402,437,0,0,0,0,9,11,21,6,32,49,61,43,227,231,67.9,17,25,6,6
2022,덕성여자대학교,0,"1,487",0,735,0,9,0,0,0,4,0,13,0,96,0,95,0,535,61.6,0,25,0,6
2022,동국대학교,"1,551","1,746",845,846,1,6,0,0,2,3,13,9,58,82,268,353,364,447,69.7,49,102,3,3
2022,동국대학교(WISE) _분교,875,800,455,390,1,3,1,0,0,0,15,4,40,45,107,86,256,272,64.4,28,16,3,3
2022,동덕여자대학교,0,"1,666",0,828,0,3,0,0,0,34,0,36,0,163,0,101,0,501,68,0,61,0,48
2022,동명대학교,"1,024",703,565,373,13,9,0,0,0,0,18,6,23,38,77,52,328,225,65.4,38,32,8,3
2022,동서대학교,926,"1,258",517,681,11,46,0,0,1,0,16,6,33,70,50,58,298,397,66.5,25,45,6,24
2022,동신대학교,732,745,417,463,0,1,3,0,0,0,14,9,21,23,48,46,229,203,68.8,60,37,6,19
2022,동아대학교,"2,058","2,206","1,068","1,033",25,36,0,0,0,0,24,17,46,80,150,175,745,865,59.1,68,41,30,74
2022,동양대학교,463,323,243,177,0,0,0,0,0,0,7,4,19,20,37,16,157,106,64.1,2,6,2,1
2022,동의대학교,"1,592","1,770",907,924,4,7,0,0,0,0,21,22,48,56,66,94,546,667,62.1,46,48,36,68
2022,루터대학교,27,53,14,19,0,0,0,0,0,0,0,0,1,10,10,11,2,13,74.6,1,2,1,2
2022,명지대학교,971,555,575,281,0,1,0,0,0,0,12,3,64,47,99,66,221,157,72.2,19,10,7,14
2022,명지대학교 _제2캠퍼스,935,"1,184",524,647,0,5,0,0,0,0,11,9,45,60,71,112,284,351,67.2,58,127,12,20
2022,목원대학교,847,781,429,323,0,2,0,0,1,8,9,10,50,72,101,73,257,293,62.2,18,6,6,20
2022,목포가톨릭대학교,19,103,13,83,0,0,0,0,0,0,0,1,1,0,0,1,5,18,81,0,0,0,1
2022,배재대학교,815,793,439,401,4,2,0,0,4,14,5,13,30,37,65,46,268,280,63.4,7,13,10,32
2022,백석대학교,"1,104","1,705",591,916,12,42,0,0,4,6,18,12,81,96,90,90,308,543,67.6,25,52,15,17
2022,부산가톨릭대학교,337,587,213,403,0,10,0,0,0,0,6,2,5,10,19,29,94,133,74.1,11,26,4,8
2022,부산교육대학교,132,246,66,150,0,0,0,0,0,0,0,0,0,0,5,6,61,90,58.9,0,1,0,0
2022,부산대학교,"2,509","2,323","1,307","1,016",4,2,0,0,0,5,14,17,54,86,389,343,741,854,61.1,57,27,1,5
2022,부산외국어대학교,792,983,394,391,25,34,0,0,0,0,8,15,22,41,83,145,260,357,60.1,15,12,20,33
2022,부산장신대학교,32,32,10,16,0,0,0,0,0,0,0,0,1,0,18,10,3,6,75,1,1,0,0
2022,삼육대학교,495,802,255,414,11,33,0,0,0,0,6,9,31,56,55,60,137,230,69,12,29,6,19
2022,상명대학교,659,876,317,386,0,1,0,0,0,0,6,7,30,58,133,154,173,270,64.5,15,27,11,29
2022,상명대학교 _제2캠퍼스,483,851,256,457,0,1,0,0,0,0,12,6,42,75,31,48,142,264,67.6,7,15,6,19
2022,상지대학교,784,492,466,283,1,0,0,0,0,0,10,3,47,28,56,22,204,156,69.9,39,24,10,10
2022,서강대학교,"1,038",931,533,412,1,4,0,0,0,2,5,8,27,25,273,320,199,160,73.9,9,9,1,4
2022,서경대학교,609,774,379,337,0,2,0,0,0,2,10,17,38,85,32,152,150,179,72.6,27,27,1,1
2022,서울과학기술대학교,"1,543",938,937,498,3,2,0,0,0,3,14,15,36,56,178,115,375,249,71.5,121,46,2,3
2022,서울교육대학교,85,310,49,174,0,0,0,0,0,0,0,0,2,4,5,6,29,126,59.6,2,2,0,0
2022,서울기독대학교,24,55,8,14,0,0,0,0,0,0,0,0,1,12,5,11,10,18,55.6,0,1,0,0
2022,서울대학교,"1,899","1,431",806,629,0,2,0,0,0,0,16,12,87,81,629,377,361,330,70.3,14,8,3,1
2022,서울시립대학교,"1,277",787,747,404,3,1,0,0,0,0,8,9,35,46,176,109,308,218,70.4,84,41,0,1
2022,서울신학대학교,165,352,40,145,1,1,0,0,0,0,1,4,11,23,82,89,30,90,65.3,2,10,0,5
2022,서울여자대학교,0,"1,685",0,883,0,3,0,0,0,0,0,12,0,110,0,184,0,493,67.2,0,23,0,30
2022,서울장신대학교,59,53,18,16,0,0,0,0,0,0,1,0,0,3,37,23,3,11,73.1,1,1,0,0
2022,서울한영대학교,51,94,19,51,0,0,0,0,0,0,2,2,0,5,16,11,14,25,66.9,4,4,0,3
2022,서원대학교,686,713,376,348,0,0,0,0,2,3,12,7,35,34,22,21,239,300,60.3,25,59,27,15
2022,선문대학교,"1,008",853,618,458,7,9,0,0,0,0,10,3,33,28,108,183,232,172,74.3,17,19,14,31
2022,성결대학교,590,659,286,338,2,2,0,0,7,5,10,8,42,37,74,68,169,201,66.6,10,15,9,19
2022,성공회대학교,205,255,113,126,0,0,0,0,0,0,0,5,11,15,6,6,75,103,60.3,6,8,0,1
2022,성균관대학교,"2,395","2,269","1,341","1,012",2,3,0,0,0,0,11,14,63,82,596,762,382,396,76.5,17,12,0,3
2022,성신여자대학교,1,"2,345",0,"1,067",0,4,0,0,0,15,0,27,0,203,1,222,0,807,62,0,48,0,20
2022,세명대학교,847,851,484,513,2,1,0,0,0,0,7,4,40,38,67,45,247,250,68.7,23,22,12,22
2022,세종대학교,"1,505","1,348",792,659,1,2,0,0,0,3,8,13,64,92,234,213,406,366,67.9,44,41,9,9
2022,세한대학교,419,457,207,269,0,0,0,0,0,0,10,16,26,29,47,16,129,127,68.5,26,58,0,5
2022,송원대학교,261,404,142,236,0,0,0,0,0,0,6,10,10,18,22,34,81,106,69.3,38,61,1,9
2022,수원가톨릭대학교,28,1,0,0,0,0,0,0,0,0,0,0,0,0,28,1,0,0,0,0,0,0,0
2022,수원대학교,964,961,547,507,1,1,0,0,0,0,10,7,57,81,61,66,288,299,67.4,17,28,20,40
2022,숙명여자대학교,0,"2,588",0,"1,351",0,7,0,0,0,7,0,23,0,123,0,302,0,775,66.1,0,49,0,11
2022,순복음총회신학교,9,23,1,7,0,0,0,0,0,0,0,0,0,1,7,12,1,3,69.2,0,4,0,0
2022,순천향대학교,"1,205","1,348",681,751,3,6,0,0,3,2,5,4,51,61,151,180,311,344,70.5,49,50,19,37
2022,숭실대학교,"1,845","1,501","1,020",708,2,1,1,0,0,0,20,10,53,64,352,346,397,372,71,89,117,3,1
2022,신경주대학교,117,80,64,39,0,0,0,0,0,0,1,4,1,4,20,18,31,15,71.1,7,9,0,0
2022,신라대학교,952,"1,159",503,543,6,15,0,0,3,0,17,21,26,49,73,77,324,454,60.3,30,29,18,27
2022,신한대학교,138,180,80,128,2,0,0,0,0,0,1,0,4,8,8,4,43,40,72.9,6,14,0,1
2022,신한대학교 _제2캠퍼스,448,721,243,420,3,1,0,0,0,0,9,10,32,39,38,41,123,210,69.4,16,26,2,10
2022,아신대학교,79,67,0,0,0,0,0,0,0,0,0,0,0,0,79,67,0,0,0,0,0,0,0
2022,아주대학교,"1,497","1,020",934,597,1,3,0,0,0,0,5,2,40,38,219,150,298,230,75.4,54,79,1,4
2022,안양대학교,448,566,227,275,0,0,0,0,0,2,4,8,32,55,48,53,137,173,66,23,11,5,5
2022,안양대학교 _제2캠퍼스,29,17,18,11,0,0,0,0,0,0,1,0,1,2,2,0,7,4,75,0,0,0,1
2022,연세대학교,"2,294","2,057","1,162",971,3,5,0,0,0,0,13,13,87,90,538,505,491,473,70.9,24,18,2,3
2022,연세대학교(미래) _분교,936,845,549,488,1,2,0,0,0,0,8,9,29,35,113,104,236,207,71.7,47,44,5,11
2022,영남대학교,"2,464","2,545","1,222","1,071",6,10,0,0,3,5,19,29,63,99,253,237,898,"1,094",55.9,54,33,0,0
2022,영남신학대학교,46,60,7,5,0,0,0,0,0,0,0,2,0,2,36,42,3,9,57.1,0,2,0,0
2022,영산대학교,281,290,179,183,0,0,0,0,0,0,8,1,6,7,21,5,67,94,70.5,20,9,0,0
2022,영산대학교 _제2캠퍼스,330,513,174,228,1,1,0,0,0,0,15,33,17,32,43,62,80,157,67.9,24,38,0,1
2022,영산선학대학교,2,4,0,0,0,0,0,0,0,0,0,0,0,0,2,4,0,0,0,0,0,0,0
2022,예수대학교,21,111,17,80,0,0,0,0,0,0,0,0,0,0,2,1,2,30,75.2,0,3,1,1
2022,예원예술대학교,81,96,21,29,0,0,0,0,0,0,0,3,16,10,14,22,30,32,56,2,2,0,1
2022,예원예술대학교 _제2캠퍼스,17,68,3,26,0,0,0,0,0,0,1,1,8,16,2,4,3,21,69.6,2,0,0,2
2022,용인대학교,676,671,364,306,3,2,0,0,0,0,19,9,79,80,45,25,166,249,67.5,29,18,13,21
2022,우석대학교,864,624,491,335,0,0,0,0,0,0,6,3,32,19,94,56,241,211,66.2,52,15,8,6
2022,우송대학교,"1,115","1,119",591,595,6,5,0,0,0,0,12,8,32,43,196,198,278,270,70.2,16,10,20,34
2022,우송대학교(산업대),0,1,0,0,0,0,0,0,0,0,0,0,0,0,0,0,0,1,0,0,0,0,0
2022,울산과학기술원,420,141,152,44,0,0,0,0,0,0,3,2,7,0,200,69,58,26,71.2,1,0,1,0
2022,울산대학교,"1,612","1,350",916,610,4,4,1,0,0,2,10,17,31,58,136,106,514,553,60.8,46,33,16,53
2022,원광대학교,"2,043","1,631","1,153",778,1,0,0,0,0,0,25,21,76,78,183,109,605,645,63,24,17,44,39
2022,위덕대학교,261,337,139,186,1,1,0,0,0,0,5,4,5,9,32,47,79,90,67.4,20,21,3,4
2022,유원대학교,448,356,260,203,0,11,0,0,0,0,9,15,31,15,31,16,117,96,71.9,48,46,8,4
2022,을지대학교,36,13,35,12,0,0,0,0,0,0,0,0,0,0,0,1,1,0,97.9,1,0,0,0
2022,을지대학교 _제2캠퍼스,302,733,200,521,0,0,0,0,0,0,2,2,14,15,24,34,62,161,77.2,11,29,6,15
2022,을지대학교 _제3캠퍼스,20,96,17,82,0,0,0,0,0,0,0,0,0,1,0,3,3,10,88.5,0,2,0,0
2022,이화여자대학교,0,"3,935",0,"1,875",0,5,0,0,0,26,0,30,0,202,0,784,0,"1,013",67.9,0,30,0,20
2022,인제대학교,983,"1,124",583,651,0,0,0,0,0,0,9,8,22,24,72,90,297,351,66.7,44,34,12,25
2022,인천가톨릭대학교,21,1,0,0,0,0,0,0,0,0,0,0,0,0,21,1,0,0,0,0,0,0,0
2022,인천가톨릭대학교 _제2캠퍼스,34,115,20,73,0,0,0,0,0,0,1,0,3,8,4,1,6,33,72.9,0,7,0,1
2022,인천대학교,"1,638","1,401",976,741,5,10,0,0,2,4,15,24,74,81,166,138,400,403,70.6,85,50,5,4
2022,인하대학교,"2,479","1,685","1,449",875,1,14,1,0,0,0,20,12,87,93,382,247,539,444,72.2,118,82,4,18
2022,장로회신학대학교,95,83,0,0,0,0,0,0,0,0,0,0,0,0,95,83,0,0,0,0,0,0,0
2022,전남대학교,"1,823","2,072",920,906,5,1,1,0,3,19,13,15,42,65,279,273,560,793,59.5,11,15,9,25
2022,전남대학교 _제2캠퍼스,312,187,160,75,0,0,1,0,0,0,1,1,7,3,35,19,108,89,55.7,11,9,2,4
2022,전북대학교,"2,302","1,929","1,241",868,2,3,11,3,5,18,12,15,43,58,325,247,663,717,62.3,54,31,16,24
2022,전주교육대학교,112,196,44,107,0,0,0,0,0,0,0,1,0,4,16,0,52,84,53.4,0,0,0,0
2022,전주대학교,"1,201","1,248",591,586,3,3,1,0,1,3,13,16,38,42,152,134,402,464,60,29,16,25,43
2022,제주국제대학교,179,79,93,48,0,0,0,0,0,0,3,1,10,1,31,6,42,23,70.6,31,11,0,0
2022,제주대학교,935,"1,167",457,560,4,3,3,0,0,0,12,13,31,45,118,98,310,448,59.8,21,54,13,30
2022,조선대학교,"2,259","2,230","1,149","1,059",20,15,0,0,1,4,25,15,84,98,199,160,781,879,59.8,96,78,39,64
2022,중부대학교,801,864,451,473,0,0,1,0,0,0,14,5,54,68,90,71,191,247,70.9,28,24,10,17
2022,중앙대학교,"2,419","2,460","1,425","1,334",2,3,0,0,2,3,18,13,70,83,377,426,525,598,72.4,79,170,13,13
2022,중앙대학교 _제2캠퍼스,505,642,234,245,0,0,0,0,6,13,15,17,58,85,77,110,115,172,70.1,13,4,11,8
2022,중앙승가대학교,22,12,0,0,0,0,0,0,0,0,0,0,0,0,22,12,0,0,0,0,0,0,0
2022,중원대학교,429,301,264,189,0,0,0,0,0,0,13,4,17,17,24,13,111,78,72.7,70,45,2,0
2022,진주교육대학교,100,240,44,143,0,0,0,0,0,0,0,0,0,1,8,0,48,96,56.6,0,0,0,0
2022,차의과학대학교,187,365,102,221,0,0,0,0,0,0,3,1,10,18,31,47,41,78,74.9,9,14,2,11
2022,창신대학교,147,317,70,202,0,0,0,0,1,3,3,7,1,8,31,22,41,75,71.8,13,16,1,1
2022,청운대학교,740,670,452,394,0,0,1,1,0,0,12,16,47,39,24,21,204,199,70.5,182,111,10,20
2022,청주교육대학교,103,195,48,113,0,0,0,0,0,0,1,0,1,1,5,1,48,80,56.2,1,7,0,0
2022,청주대학교,"1,421","1,076",798,594,1,1,0,0,2,6,16,14,64,43,109,74,431,344,66.5,19,23,42,40
2022,초당대학교,338,350,182,221,0,0,0,0,0,0,8,10,9,11,40,27,99,81,71,31,37,5,3
2022,총신대학교,163,289,32,116,0,0,0,0,0,0,1,3,2,23,102,75,26,72,64.4,1,22,0,0
2022,추계예술대학교,75,223,20,66,0,0,0,0,1,5,2,6,12,39,11,27,29,80,58.1,1,4,1,1
2022,춘천교육대학교,96,220,43,145,0,0,0,0,0,0,0,0,2,0,16,1,35,74,63.5,0,0,0,0
2022,충남대학교,"1,977","1,895","1,092",894,1,2,0,0,0,0,18,10,57,90,298,253,511,646,65.2,29,28,4,3
2022,충북대학교,"1,731","1,415",890,632,4,8,0,1,0,0,8,8,44,53,248,192,537,521,60.9,39,23,4,9
2022,칼빈대학교,78,68,2,16,0,0,0,0,0,0,0,1,1,1,72,47,3,3,77.8,2,10,0,0
2022,평택대학교,390,377,200,178,0,0,0,0,5,1,10,5,29,32,36,24,110,137,65.1,5,9,4,1
2022,포항공과대학교,224,93,57,29,0,0,0,0,0,0,1,0,5,1,148,58,13,5,83.8,0,0,0,0
2022,한경국립대학교,666,462,397,246,2,1,0,0,0,0,12,6,28,21,40,29,187,159,67.3,48,27,3,4
2022,한국공학대학교,"1,231",424,809,252,3,1,0,0,0,0,7,2,27,14,105,35,280,120,73.6,209,42,0,0
2022,한국과학기술원,525,163,107,36,0,0,0,0,0,0,1,0,13,4,344,105,60,18,67.4,0,0,0,0
2022,한국교원대학교,222,387,118,168,0,0,0,0,0,0,2,0,6,17,7,5,89,197,52.1,0,0,1,0
2022,한국국제대학교,215,210,124,124,0,0,0,0,0,0,2,6,10,8,16,6,63,66,68,14,19,0,0
2022,한국기술교육대학교,688,228,504,151,1,0,0,0,0,0,5,1,17,6,45,18,116,52,80.3,59,13,11,7
2022,한국성서대학교,59,155,28,108,0,0,0,0,0,0,2,1,2,2,9,7,18,37,72.2,1,7,0,2
2022,한국예술종합학교,155,322,45,90,0,0,0,0,0,0,9,13,39,76,24,37,38,106,65.4,2,3,0,2
2022,한국외국어대학교,"1,635","2,408",891,"1,119",4,14,0,0,0,0,13,19,59,119,218,397,450,740,65.3,36,45,2,3
2022,한국전통문화대학교,59,87,32,32,0,0,0,0,0,0,0,1,2,5,13,21,12,28,64.3,1,3,2,6
2022,한국체육대학교,381,220,170,107,0,0,0,0,0,0,12,5,68,45,58,16,73,47,77.2,1,2,1,1
2022,한국침례신학대학교,104,192,19,58,0,0,0,0,0,0,1,0,1,12,72,59,11,63,55.2,0,2,0,2
2022,한국항공대학교,673,229,396,132,2,1,0,0,0,0,6,1,22,13,87,25,160,57,72.5,7,2,0,1
2022,한남대학교,"1,065","1,297",611,657,1,3,0,0,4,24,13,17,45,53,105,119,286,424,66.8,5,13,20,36
2022,한동대학교,396,442,201,219,2,0,0,0,1,0,3,6,13,23,79,62,97,132,67.1,3,3,1,5
2022,한라대학교,567,214,332,121,0,0,0,0,0,0,4,1,21,13,20,7,190,72,65.3,22,7,5,7
2022,한려대학교,2,1,0,0,0,0,0,0,0,0,1,0,0,0,0,0,1,1,33.3,0,0,0,0
2022,한림대학교,863,"1,000",464,501,0,1,0,0,0,0,9,5,33,57,91,119,266,317,64.7,11,19,17,17
2022,한서대학교,781,669,439,381,0,2,0,0,0,0,10,4,42,46,76,62,214,174,70.4,21,11,11,3
2022,한성대학교,714,766,424,406,8,11,0,0,1,2,9,11,32,67,30,43,210,226,69,25,37,12,26
2022,한세대학교,191,400,108,215,1,1,0,0,7,11,4,4,11,28,28,41,32,100,74.7,15,11,3,13
2022,한신대학교,486,594,267,314,1,1,0,0,0,0,4,4,23,34,43,35,148,206,64.7,10,21,3,8
2022,한양대학교,"2,191","1,660","1,104",809,3,2,0,0,0,0,14,19,116,79,496,395,458,356,72.5,63,132,2,4
2022,한양대학교(ERICA) _분교,"1,273","1,021",666,523,4,5,0,0,1,7,15,7,52,67,249,155,286,257,71.3,44,57,1,7
2022,한일장신대학교,85,88,33,49,0,0,0,0,0,0,1,1,2,2,20,13,29,23,62.9,3,7,1,1
2022,협성대학교,372,607,168,289,0,0,0,0,0,0,3,10,31,39,52,59,118,210,62.2,8,24,9,6
2022,호남대학교,863,905,349,481,2,3,5,1,3,7,11,7,32,23,230,170,231,213,67.5,42,26,3,11
2022,호남신학대학교,42,54,7,8,0,0,0,0,0,0,1,3,3,4,25,15,6,24,46.4,2,0,0,0
2022,호서대학교,"1,647","1,261",964,672,2,7,0,0,0,0,19,7,86,72,119,101,457,402,68,61,49,11,17
2022,호원대학교,614,701,338,414,0,0,0,0,0,0,32,36,43,61,58,34,143,156,75.6,100,161,5,4
2022,홍익대학교,"1,464","1,601",859,844,2,2,0,0,0,1,13,18,56,96,106,199,428,441,68.5,27,109,5,6
2022,홍익대학교 _제2캠퍼스,743,696,427,395,1,1,0,0,0,0,13,3,38,47,49,30,215,220,68,15,5,5,3
2022,화성의과학대학교,58,58,30,42,0,0,0,0,0,0,1,0,4,1,5,2,18,13,71.6,1,6,0,0
2022,ICT폴리텍대학,126,10,80,8,0,0,0,0,0,0,1,0,6,0,10,0,29,2,75.4,8,0,0,0
2022,가톨릭상지대학교,210,417,128,270,0,2,6,12,0,1,5,11,2,6,33,34,36,81,79.1,32,97,0,0
2022,강동대학교,577,669,246,396,0,0,6,5,11,16,6,12,55,38,111,66,142,136,74,61,94,3,9
2022,강릉영동대학교,371,537,191,358,0,0,0,0,0,0,4,5,19,17,83,26,74,131,74.3,33,35,0,0
2022,강원관광대학교,148,137,77,82,0,0,0,0,0,0,5,5,5,7,21,4,40,39,69.6,38,34,0,0
2022,강원도립대학교,111,96,47,39,0,0,0,0,0,0,1,1,2,6,27,12,34,38,57.1,1,1,1,0
2022,거제대학교,221,149,120,106,0,0,0,0,0,0,1,0,5,5,51,11,44,27,76.9,22,17,0,0
2022,경기과학기술대학교,"1,466",407,882,200,6,6,0,0,1,2,13,2,45,21,160,66,359,110,71.5,322,57,9,7
2022,경남도립거창대학,195,99,99,66,0,0,0,0,0,0,5,2,3,1,36,5,52,25,69.6,21,7,0,1
2022,경남도립남해대학,182,90,97,51,1,1,2,3,0,0,2,1,4,1,24,13,52,20,69.4,14,1,0,0
2022,경남정보대학교,"1,402","1,141",835,686,1,0,0,0,0,0,10,27,36,32,177,142,343,254,73.2,148,115,16,20
2022,경민대학교,831,826,408,469,2,1,0,0,1,5,7,9,55,47,158,91,200,204,71.3,133,65,11,14
2022,경복대학교,542,"1,635",292,"1,058",0,0,0,0,11,26,2,8,33,70,86,200,118,273,79.3,50,128,5,12
2022,경북과학대학교,306,323,92,201,0,0,7,8,0,2,12,16,9,9,143,40,43,47,79.8,31,77,6,3
2022,경북도립대학교,155,130,79,73,0,0,10,1,0,0,3,4,4,5,29,18,30,29,75.2,13,18,0,1
2022,경북보건대학교,74,266,47,195,0,0,0,0,0,0,0,3,3,4,4,4,20,60,75.9,3,17,1,1
2022,경북전문대학교,516,600,250,427,0,0,4,10,0,0,4,7,18,7,155,40,85,109,78.9,34,86,0,3
2022,경인여자대학교,0,"1,894",0,"1,015",0,4,0,0,0,21,0,6,0,97,0,293,0,458,71.4,0,188,0,8
2022,계명문화대학교,800,"1,193",297,632,7,3,0,0,0,7,8,7,23,47,221,166,244,331,64.2,23,106,8,9
2022,계원예술대학교,346,826,149,340,0,0,0,0,9,11,8,10,38,109,63,97,79,259,66.6,9,31,3,5
2022,광양보건대학교,95,144,41,86,0,0,0,0,0,0,1,1,3,4,27,31,23,22,75.1,3,21,0,0
2022,광주보건대학교,369,925,253,667,0,0,0,0,0,0,1,2,7,21,36,48,72,187,78.6,35,121,3,10
2022,구미대학교,"1,100",902,737,573,5,3,1,1,0,0,11,27,30,26,133,69,183,203,78.6,336,135,1,0
2022,국제대학교,859,626,350,276,1,0,0,0,8,8,12,6,70,54,199,134,219,148,68.1,26,46,1,7
2022,군산간호대학교,52,233,43,200,0,0,0,0,0,0,0,0,0,0,0,0,9,33,85.3,4,24,0,0
2022,군장대학교,390,373,186,209,0,0,0,0,0,0,9,14,12,15,105,42,78,93,72.2,68,117,0,2
2022,기독간호대학교,22,125,17,103,0,0,0,0,0,0,0,0,0,1,0,1,5,20,82.9,1,10,0,0
2022,김포대학교,714,507,282,224,0,0,1,1,19,21,12,5,52,40,128,69,220,147,64.2,49,41,0,1
2022,김해대학교,158,279,84,194,0,0,0,0,0,0,4,7,3,5,32,21,35,52,77.3,11,53,0,0
2022,나주대학교,181,470,93,245,0,0,18,31,0,0,10,30,7,29,15,36,38,99,77.2,76,193,1,0
2022,농협대학교,117,46,87,42,0,0,20,1,0,0,0,0,0,0,0,0,10,3,92,24,11,0,0
2022,대경대학교,668,746,298,365,1,2,5,2,8,28,24,26,34,64,182,81,116,178,74.5,66,63,3,4
2022,대구공업대학교,390,409,157,168,2,0,1,2,6,30,3,13,11,20,103,82,107,94,67.3,22,64,3,2
2022,대구과학대학교,546,933,272,613,0,0,0,0,0,0,13,12,13,13,127,69,121,226,73,69,92,3,15
2022,대구보건대학교,830,"1,570",497,"1,083",15,15,0,0,0,0,7,9,17,29,113,136,181,298,77.7,77,151,1,13
2022,대덕대학교,906,526,438,279,0,0,0,0,1,9,7,4,31,24,245,63,184,147,70.6,51,43,1,2
2022,대동대학교,119,314,62,220,0,0,0,0,0,0,2,2,3,8,23,15,29,69,75.2,8,35,0,2
2022,대림대학교,"1,683","1,259","1,134",804,7,16,1,0,9,15,16,8,56,72,191,100,269,244,80.6,342,162,12,29
2022,대원대학교,379,527,202,338,0,0,1,1,0,0,6,8,10,19,74,47,86,114,74.5,51,65,3,5
2022,대전과학기술대학교,602,975,304,642,0,0,0,0,8,9,7,11,23,16,114,83,146,214,73.9,28,86,4,12
2022,대전보건대학교,619,"1,376",415,932,0,2,0,0,0,1,1,5,13,30,90,115,100,291,78.2,93,152,4,28
2022,동강대학교,448,602,233,350,0,0,0,4,0,0,7,10,15,18,93,48,100,172,70.1,72,76,0,1
2022,동남보건대학교,413,"1,231",276,856,1,0,0,0,0,0,5,2,14,49,40,49,77,275,77.4,54,133,4,21
2022,동서울대학교,"1,246",959,566,435,0,0,0,0,5,22,17,5,95,95,205,144,358,258,66.8,52,49,16,24
2022,동아방송예술대학교,381,679,138,265,0,1,0,0,6,6,12,14,87,139,44,80,94,174,71.4,20,19,11,13
2022,동아보건대학교,157,376,65,219,0,0,0,0,0,0,5,13,6,9,30,26,51,109,66.5,25,86,0,0
2022,동양미래대학교,"1,687",780,990,400,0,0,0,0,7,29,14,3,75,43,215,116,386,189,73.1,216,88,11,9
2022,동원과학기술대학교,574,314,307,204,6,3,0,0,0,0,5,5,14,3,127,36,115,63,75.4,81,68,4,5
2022,동원대학교,734,676,320,358,1,0,0,0,0,3,8,7,48,44,160,77,197,187,67.3,50,75,5,8
2022,동의과학대학교,"1,141",784,683,473,2,0,1,1,2,3,9,7,36,15,159,111,249,174,74.4,122,67,11,14
2022,두원공과대학교,"1,128",444,617,265,0,0,0,0,1,0,5,3,78,39,123,27,304,110,70.9,61,27,10,3
2022,마산대학교,706,"1,180",442,861,2,1,0,0,0,0,5,8,13,27,77,48,167,235,77.2,41,88,9,21
2022,명지전문대학,"1,108","1,519",470,616,2,2,0,0,5,17,14,26,101,150,189,202,327,506,62.7,93,131,15,18
2022,목포과학대학교,297,467,138,280,0,0,10,4,0,0,9,12,9,9,65,49,66,113,72.5,35,77,0,0
2022,문경대학교,67,182,33,130,0,0,0,0,0,0,3,2,2,1,18,10,11,39,77.4,8,19,0,0
2022,배화여자대학교,24,"1,122",20,548,0,5,0,0,0,0,0,4,0,66,2,103,2,396,61.8,16,76,0,14
2022,백석문화대학교,726,"1,230",315,710,8,2,0,0,14,22,10,9,57,59,153,151,169,277,73,38,101,11,22
2022,백제예술대학교,223,255,58,70,0,0,0,0,0,0,2,3,44,51,45,18,74,113,54.9,2,5,0,0
2022,부산경상대학교,342,503,157,240,1,1,1,1,5,6,14,21,12,25,73,80,79,129,69.9,31,73,6,10
2022,부산과학기술대학교,717,639,338,353,0,0,0,0,0,0,9,7,22,18,150,123,198,138,69,54,69,2,1
2022,부산보건대학교,329,751,159,487,0,2,0,1,3,12,4,1,15,22,68,67,80,159,74.7,23,82,3,7
2022,부산여자대학교,0,918,0,526,0,0,0,0,0,0,0,9,0,35,0,87,0,261,68.6,0,61,0,6
2022,부산예술대학교,100,146,17,34,0,0,0,0,0,0,3,8,7,8,34,28,39,68,41.8,3,8,0,0
2022,부천대학교,"1,378","1,681",811,903,0,3,1,0,3,20,10,13,75,117,158,205,320,420,72.6,357,174,15,28
2022,삼육보건대학교,55,391,33,281,0,0,0,0,0,0,0,3,0,10,8,23,14,74,78.8,3,69,0,7
2022,상지영서대학교,67,80,33,45,0,0,0,0,0,0,0,0,3,6,5,5,26,24,63.5,1,6,0,0
2022,서라벌대학교,76,133,47,99,0,0,0,0,0,0,1,3,1,0,6,4,21,27,75.9,8,24,1,0
2022,서영대학교,"1,042","1,085",610,655,0,1,0,0,11,28,18,13,43,35,141,97,219,256,74.9,255,154,2,13
2022,서울여자간호대학교,0,253,0,192,0,0,0,0,0,0,0,1,0,7,0,1,0,52,79.4,0,46,0,0
2022,서울예술대학교,439,688,130,235,1,1,0,0,7,5,12,15,112,160,58,69,119,203,67.8,14,26,7,7
2022,서일대학교,"1,141",902,544,461,0,0,0,0,11,20,10,7,78,73,184,111,314,230,68.9,81,71,21,27
2022,서정대학교,966,"1,187",431,634,0,0,0,0,0,0,15,36,33,48,313,205,174,264,73.2,205,290,8,9
2022,선린대학교,241,490,156,370,0,0,0,0,0,0,2,4,2,3,22,23,59,90,78.3,27,63,0,0
2022,성운대학교,113,563,68,320,1,0,6,5,0,0,10,26,5,16,9,59,14,137,75.2,41,215,0,1
2022,세경대학교,193,182,95,96,0,0,0,1,0,0,4,9,10,5,53,19,31,52,72.6,50,51,0,0
2022,송곡대학교,42,119,22,82,0,0,0,0,0,0,1,1,1,2,10,4,8,30,74.1,4,21,0,2
2022,송호대학교,128,230,65,135,0,0,0,0,0,0,8,10,5,9,24,18,26,58,73.4,20,47,3,1
2022,수성대학교,406,829,172,486,0,0,0,5,2,13,5,28,11,19,122,78,94,200,71.6,23,132,4,7
2022,수원과학대학교,"1,067",999,548,539,0,0,0,0,0,0,14,12,67,76,115,86,323,286,67.3,67,57,3,10
2022,수원여자대학교,2,"1,501",2,822,0,0,0,0,0,63,0,5,0,102,0,120,0,389,71.9,2,111,0,14
2022,순천제일대학교,596,437,328,279,1,0,0,4,0,0,7,8,12,11,67,31,181,104,69.5,72,74,1,2
2022,숭의여자대학교,0,"1,458",0,674,0,1,0,0,0,91,0,12,0,101,0,186,0,393,69.1,0,130,0,27
2022,신구대학교,868,"1,749",495,"1,017",0,11,0,0,15,37,7,11,52,99,105,146,194,428,73.7,78,181,9,22
2022,신성대학교,710,639,444,434,0,0,0,0,0,2,9,3,29,22,92,47,136,131,77.9,88,97,0,0
2022,신안산대학교,"1,068",589,521,262,0,0,0,0,7,6,5,4,83,50,135,62,317,205,64.2,70,32,5,8
2022,아주자동차대학교,410,13,239,7,1,0,0,0,0,0,0,0,16,1,66,2,88,3,74.4,20,1,0,0
2022,안동과학대학교,370,529,216,363,0,0,0,0,0,0,4,4,5,9,72,49,73,104,77.2,39,39,0,7
2022,안산대학교,592,"1,042",319,628,0,1,0,0,0,0,4,3,24,47,91,100,154,263,71.1,37,105,2,19
2022,여주대학교,"1,166",756,655,493,0,0,0,0,10,6,14,2,81,43,171,50,235,162,76.7,236,80,2,4
2022,연성대학교,789,"1,517",385,851,4,9,0,0,7,44,8,6,49,86,141,181,195,340,73,33,91,19,38
2022,연암공과대학교,405,31,297,25,17,1,0,0,0,0,1,0,7,0,13,3,70,2,82.9,20,1,2,0
2022,연암대학교,257,200,119,122,0,0,55,3,0,9,2,2,8,9,31,20,42,35,81,26,15,8,6
2022,영남외국어대학,33,162,22,88,0,0,0,0,0,0,3,11,1,3,4,21,3,39,75.3,9,45,0,0
2022,영남이공대학교,"1,327",964,800,609,7,3,0,0,3,7,9,6,22,25,206,129,280,185,76.2,123,94,14,22
2022,영진전문대학교,"2,038","1,084","1,295",637,64,19,0,6,12,18,22,12,28,14,247,188,370,190,79.2,275,174,7,19
2022,오산대학교,"1,211",784,646,435,0,0,0,0,13,36,9,7,74,66,187,81,282,159,74.5,144,108,8,33
2022,용인예술과학대학교,803,733,385,392,0,0,0,0,8,16,7,3,46,58,105,81,252,183,67.8,35,44,3,13
2022,우송정보대학,962,847,427,457,5,19,1,0,10,22,11,5,41,36,250,94,217,214,70.6,31,21,5,22
2022,울산과학대학교,"1,273",735,895,467,0,0,0,0,2,2,2,3,18,12,132,95,224,156,78.7,186,73,6,18
2022,웅지세무대학교,196,145,76,59,1,0,0,0,0,0,1,0,11,6,11,1,96,79,46.8,3,3,0,0
2022,원광보건대학교,501,"1,151",281,719,20,19,1,2,1,1,4,10,14,25,73,134,107,241,75.9,37,111,5,26
2022,유한대학교,"1,203",705,646,347,4,0,0,0,16,58,9,2,74,47,156,85,298,166,72.2,91,31,3,10
2022,인덕대학교,"1,125","1,216",538,547,4,1,0,0,7,30,14,13,82,108,206,148,274,369,67.6,108,76,10,24
2022,인하공업전문대학,"2,083",915,"1,294",504,1,3,0,0,0,2,19,5,80,48,212,80,477,273,72.3,255,47,2,1
2022,장안대학교,797,"1,294",353,673,3,17,0,0,13,57,15,10,75,97,123,132,215,308,71.5,32,49,9,26
2022,재능대학교,690,757,352,432,1,1,0,0,0,3,6,3,31,56,123,75,177,187,70.9,58,46,6,18
2022,전남과학대학교,810,668,450,357,0,0,22,16,0,2,27,40,20,19,178,84,113,150,78.4,218,119,2,2
2022,전남도립대학교,315,181,148,88,0,0,1,1,0,11,5,1,7,6,86,18,68,56,68.4,38,20,0,0
2022,전북과학대학교,274,374,127,184,0,0,21,25,0,0,12,7,3,8,80,76,31,74,78.7,70,52,2,1
2022,전주기전대학,209,409,59,182,0,0,4,3,1,10,1,6,4,7,113,85,27,116,66,9,36,1,4
2022,전주비전대학교,847,636,430,392,0,0,0,0,6,5,11,8,19,10,194,100,187,121,74.1,121,85,1,0
2022,제주관광대학교,289,408,145,255,0,0,4,5,0,0,1,3,10,9,78,64,51,72,77.8,23,45,3,4
2022,제주한라대학교,789,986,310,590,0,1,0,0,0,0,6,5,19,16,309,162,145,212,72.6,49,143,9,21
2022,조선간호대학교,23,165,18,127,0,0,0,0,0,0,0,1,0,2,0,1,5,34,79.1,0,23,0,1
2022,조선이공대학교,"1,104",303,668,124,0,0,4,4,10,23,18,6,25,15,132,61,247,70,73.9,81,36,4,7
2022,진주보건대학교,193,704,122,498,1,3,0,0,0,0,4,19,2,21,29,27,35,136,79.7,14,83,0,5
2022,창원문성대학교,498,435,278,262,0,0,0,0,0,2,5,6,14,10,72,22,129,133,68.8,36,52,0,4
2022,청강문화산업대학교,386,806,187,341,1,0,0,0,2,18,7,12,37,123,59,110,93,202,71.2,9,16,2,7
2022,청암대학교,260,625,145,398,0,0,0,0,0,0,2,12,7,15,29,30,77,170,70.1,18,63,0,2
2022,춘해보건대학교,203,689,151,520,0,0,0,0,0,0,2,3,4,24,23,37,23,105,84.6,27,68,0,2
2022,충남도립대학교,218,187,132,102,0,0,2,0,1,7,2,1,4,6,29,12,48,59,70.6,20,19,3,8
2022,충북도립대학교,201,98,114,60,2,0,4,2,0,1,1,1,4,1,35,6,41,27,73.6,14,7,0,4
2022,충북보건과학대학교,528,505,329,346,1,1,2,3,0,0,4,6,20,14,71,35,101,100,78.3,55,74,2,4
2022,충청대학교,678,732,363,439,0,0,0,0,1,0,7,12,28,24,103,65,176,192,70.4,65,67,5,4
2022,포항대학교,331,271,213,174,0,0,0,0,0,0,0,3,4,5,29,16,85,73,71.6,52,35,0,3
2022,한국골프대학교,92,35,38,11,0,1,0,0,0,0,5,5,12,8,19,6,18,4,78.4,14,4,0,0
2022,한국관광대학교,318,472,182,249,0,0,0,0,0,0,4,5,25,31,43,42,64,145,70.4,16,19,2,4
2022,한국농수산대학교,400,141,60,47,1,0,116,49,0,0,1,0,2,4,176,16,44,25,80.2,10,12,0,0
2022,한국복지대학교,119,121,68,54,0,2,0,0,2,0,0,3,2,7,25,25,22,30,72.6,8,5,0,2
2022,한국승강기대학교,284,5,199,1,0,0,0,0,0,0,1,0,7,0,20,2,57,2,77.9,17,0,1,0
2022,한국영상대학교,470,702,175,312,1,6,0,0,17,32,9,10,74,73,113,132,81,137,76.5,23,21,5,4
2022,한국폴리텍 I 대학 서울강서캠퍼스,114,106,70,59,0,0,0,0,9,14,1,0,5,5,12,6,17,22,80.7,11,5,0,0
2022,한국폴리텍 I 대학 서울정수캠퍼스,543,96,346,54,0,1,0,0,3,9,3,0,14,7,61,9,116,16,76.8,75,5,0,0
2022,한국폴리텍 I 대학 성남캠퍼스,386,17,256,7,1,0,0,0,17,3,0,0,13,0,28,2,71,5,79.6,25,1,0,0
2022,한국폴리텍 I 대학 제주캠퍼스,11,6,7,2,0,0,0,0,0,0,0,0,0,0,3,1,1,3,69.2,1,0,0,0
2022,한국폴리텍 II 대학 남인천캠퍼스,10,2,10,2,0,0,0,0,0,0,0,0,0,0,0,0,0,0,100,2,2,0,0
2022,한국폴리텍 II 대학 인천캠퍼스,808,75,508,40,0,0,0,0,11,9,8,1,44,3,88,4,149,18,78.9,139,7,0,0
2022,한국폴리텍 III 대학 강릉캠퍼스,57,1,46,1,0,0,0,0,0,0,0,0,0,0,3,0,8,0,85.5,4,0,0,0
2022,한국폴리텍 III 대학 원주캠퍼스,36,2,25,2,0,0,0,0,0,0,0,0,0,0,5,0,6,0,81.8,0,0,0,0
2022,한국폴리텍 III 대학 춘천캠퍼스,110,13,74,8,0,1,0,0,3,2,0,0,3,1,12,0,18,1,82.9,3,0,0,0
2022,한국폴리텍 IV 대학 대전캠퍼스,348,24,248,13,0,0,0,0,5,4,0,1,2,2,18,0,75,4,77.7,22,1,0,0
2022,한국폴리텍 IV 대학 아산캠퍼스,207,33,139,16,0,0,0,0,4,7,1,0,8,1,27,2,28,7,83.4,9,1,0,0
2022,한국폴리텍 IV 대학 청주캠퍼스,334,13,254,8,2,0,0,0,0,0,4,0,7,0,15,0,52,5,82.8,45,2,0,0
2022,한국폴리텍 IV 대학 홍성캠퍼스,122,1,83,0,0,0,1,0,0,0,2,0,2,0,15,0,19,1,81.5,6,0,2,0
2022,한국폴리텍 V 대학 광주캠퍼스,373,19,281,14,0,0,0,0,0,0,2,1,8,0,20,1,62,3,82.5,18,1,0,0
2022,한국폴리텍 V 대학 순천캠퍼스,7,0,2,0,0,0,0,0,0,0,0,0,0,0,4,0,1,0,66.7,1,0,0,0
2022,한국폴리텍 V 대학 익산캠퍼스,51,1,41,0,0,0,0,0,0,0,1,1,1,0,2,0,6,0,88,12,0,0,0
2022,한국폴리텍 V 대학 전남캠퍼스,103,2,69,1,0,0,0,0,0,0,0,0,1,0,8,0,25,1,73.2,10,0,0,0
2022,한국폴리텍 V 대학 전북캠퍼스,205,6,137,6,0,0,0,0,0,0,3,0,4,0,14,0,47,0,76.1,8,0,0,0
2022,한국폴리텍 VI 대학 구미캠퍼스,208,4,167,4,0,0,0,0,0,0,0,0,3,0,8,0,30,0,85.3,14,0,0,0
2022,한국폴리텍 VI 대학 대구캠퍼스,278,8,197,3,0,0,0,0,2,0,1,0,2,0,13,2,63,3,75.6,17,0,0,0
2022,한국폴리텍 VI 대학 영남융합기술캠퍼스,43,28,20,9,0,0,0,0,7,10,0,0,0,1,14,6,2,2,92.2,2,1,0,0
2022,한국폴리텍 VI 대학 영주캠퍼스,20,0,9,0,0,0,0,0,0,0,0,0,2,0,4,0,5,0,68.8,0,0,0,0
2022,한국폴리텍 VII 대학 부산캠퍼스,383,11,274,7,0,0,0,0,3,0,3,0,8,1,29,0,66,3,81.1,34,1,0,0
2022,한국폴리텍 VII 대학 울산캠퍼스,334,5,235,2,1,0,0,0,35,0,1,0,3,0,10,1,49,2,84.5,27,0,0,0
2022,한국폴리텍 VII 대학 창원캠퍼스,617,28,477,23,0,0,0,0,5,1,2,0,3,0,19,2,111,2,81.9,128,6,0,1
2022,한국폴리텍 특성화대학 바이오캠퍼스,134,62,118,53,0,0,0,0,0,0,0,0,0,0,2,3,14,6,89.5,7,3,0,0
2022,한국폴리텍 특성화대학 반도체융합캠퍼스,233,45,166,31,0,0,0,0,2,4,3,0,5,1,15,3,42,6,81.5,18,6,0,0
2022,한국폴리텍 특성화대학 항공캠퍼스,241,9,163,4,0,0,0,0,0,0,2,0,6,0,21,2,49,3,77.1,13,1,1,0
2022,한림성심대학교,435,625,238,394,0,0,0,0,0,0,6,2,15,12,93,89,83,128,76,54,51,3,14
2022,한양여자대학교,0,"2,493",0,"1,159",0,42,0,0,0,55,0,22,0,224,0,286,0,705,68.1,0,156,0,39
2022,한영대학교,337,182,240,121,0,0,0,3,0,0,0,7,1,4,5,5,91,42,73.9,55,38,0,0
2022,혜전대학교,377,573,208,383,0,0,0,0,0,0,5,1,23,20,33,30,108,139,72.2,17,57,4,6
2022,호산대학교,176,481,79,293,0,0,0,2,0,0,7,18,6,13,47,33,37,122,72.4,21,119,0,0
